<?xml version="1.0" encoding="utf-8"?>
<values><item><id>AT</id><![CDATA[অষ্ট্ৰিয়া]]><value/></item><item><id>AU</id><![CDATA[অষ্ট্ৰেলিয়া]]><value/></item><item><id>IS</id><![CDATA[আইচলেণ্ড]]><value/></item><item><id>IM</id><![CDATA[আইল অফ মেন]]><value/></item><item><id>AZ</id><![CDATA[আজাৰবেইজান]]><value/></item><item><id>AD</id><![CDATA[আন্দোৰা]]><value/></item><item><id>AF</id><![CDATA[আফগানিস্তান]]><value/></item><item><id>AS</id><![CDATA[আমেৰিকান চামোৱা]]><value/></item><item><id>IE</id><![CDATA[আয়াৰলেণ্ড]]><value/></item><item><id>AW</id><![CDATA[আৰুবা]]><value/></item><item><id>AR</id><![CDATA[আৰ্জেণ্টিনা]]><value/></item><item><id>AM</id><![CDATA[আৰ্মেনিয়া]]><value/></item><item><id>DZ</id><![CDATA[আলজেৰিয়া]]><value/></item><item><id>AX</id><![CDATA[আলণ্ড দ্বীপপুঞ্জ]]><value/></item><item><id>AL</id><![CDATA[আলবেনিয়া]]><value/></item><item><id>UM</id><![CDATA[ইউ. এছ. আউটলায়িং দ্বীপপুঞ্জ]]><value/></item><item><id>VI</id><![CDATA[ইউ. এছ. ভাৰ্জিন দ্বীপপুঞ্জ]]><value/></item><item><id>UA</id><![CDATA[ইউক্ৰেইন]]><value/></item><item><id>GQ</id><![CDATA[ইকুৱেটৰিয়েল গিনি]]><value/></item><item><id>EC</id><![CDATA[ইকুৱেডৰ]]><value/></item><item><id>SZ</id><![CDATA[ইচ্চুটিনি]]><value/></item><item><id>IL</id><![CDATA[ইজৰাইল]]><value/></item><item><id>EG</id><![CDATA[ইজিপ্ত]]><value/></item><item><id>IT</id><![CDATA[ইটালি]]><value/></item><item><id>ID</id><![CDATA[ইণ্ডোনেচিয়া]]><value/></item><item><id>ET</id><![CDATA[ইথিঅ’পিয়া]]><value/></item><item><id>IQ</id><![CDATA[ইৰাক]]><value/></item><item><id>IR</id><![CDATA[ইৰান]]><value/></item><item><id>EE</id><![CDATA[ইষ্টোনিয়া]]><value/></item><item><id>UG</id><![CDATA[উগাণ্ডা]]><value/></item><item><id>UZ</id><![CDATA[উজবেকিস্তান]]><value/></item><item><id>KP</id><![CDATA[উত্তৰ কোৰিয়া]]><value/></item><item><id>MP</id><![CDATA[উত্তৰ মাৰিয়ানা দ্বীপপুঞ্জ]]><value/></item><item><id>MK</id><![CDATA[উত্তৰ মেচিডোনীয়া]]><value/></item><item><id>UY</id><![CDATA[উৰুগুৱে]]><value/></item><item><id>AO</id><![CDATA[এংগোলা]]><value/></item><item><id>AQ</id><![CDATA[এণ্টাৰ্কটিকা]]><value/></item><item><id>AG</id><![CDATA[এণ্টিগুৱা আৰু বাৰ্বুডা]]><value/></item><item><id>AI</id><![CDATA[এনগুইলা]]><value/></item><item><id>ER</id><![CDATA[এৰিত্ৰিয়া]]><value/></item><item><id>SV</id><![CDATA[এল ছেলভেড’ৰ]]><value/></item><item><id>OM</id><![CDATA[ওমান]]><value/></item><item><id>CD</id><![CDATA[কঙ্গো - কিনচাছা]]><value/></item><item><id>CG</id><![CDATA[কঙ্গো - ব্রাজাভিল]]><value/></item><item><id>KH</id><![CDATA[কম্বোডিয়া]]><value/></item><item><id>CO</id><![CDATA[কলম্বিয়া]]><value/></item><item><id>KZ</id><![CDATA[কাজাখাস্তান]]><value/></item><item><id>QA</id><![CDATA[কাটাৰ]]><value/></item><item><id>CA</id><![CDATA[কানাডা]]><value/></item><item><id>CU</id><![CDATA[কিউবা]]><value/></item><item><id>KI</id><![CDATA[কিৰিবাটি]]><value/></item><item><id>KG</id><![CDATA[কিৰ্গিজস্তান]]><value/></item><item><id>CK</id><![CDATA[কুক দ্বীপপুঞ্জ]]><value/></item><item><id>CW</id><![CDATA[কুৰাকাও]]><value/></item><item><id>KW</id><![CDATA[কুৱেইট]]><value/></item><item><id>KY</id><![CDATA[কেইমেন দ্বীপপুঞ্জ]]><value/></item><item><id>KE</id><![CDATA[কেনিয়া]]><value/></item><item><id>CV</id><![CDATA[কেপ ভার্দে]]><value/></item><item><id>CM</id><![CDATA[কেমেৰুণ]]><value/></item><item><id>BQ</id><![CDATA[কেৰিবিয়ান নেদাৰলেণ্ডছ]]><value/></item><item><id>CC</id><![CDATA[কোকোচ (কীলিং) দ্বীপপুঞ্জ]]><value/></item><item><id>CI</id><![CDATA[কোটে ডি আইভৰ]]><value/></item><item><id>KM</id><![CDATA[কোমোৰোজ]]><value/></item><item><id>CR</id><![CDATA[কোষ্টা ৰিকা]]><value/></item><item><id>HR</id><![CDATA[ক্ৰোৱেছিয়া]]><value/></item><item><id>CX</id><![CDATA[খ্ৰীষ্টমাছ দ্বীপ]]><value/></item><item><id>GM</id><![CDATA[গাম্বিয়া]]><value/></item><item><id>GY</id><![CDATA[গায়ানা]]><value/></item><item><id>GN</id><![CDATA[গিনি]]><value/></item><item><id>GW</id><![CDATA[গিনি-বিছাও]]><value/></item><item><id>GT</id><![CDATA[গুৱাটেমালা]]><value/></item><item><id>GP</id><![CDATA[গুৱাডেলুপ]]><value/></item><item><id>GU</id><![CDATA[গুৱাম]]><value/></item><item><id>GA</id><![CDATA[গেবন]]><value/></item><item><id>GG</id><![CDATA[গোৰেনচি]]><value/></item><item><id>GR</id><![CDATA[গ্ৰীচ]]><value/></item><item><id>GL</id><![CDATA[গ্ৰীণলেণ্ড]]><value/></item><item><id>GD</id><![CDATA[গ্ৰেনাডা]]><value/></item><item><id>GH</id><![CDATA[ঘানা]]><value/></item><item><id>CY</id><![CDATA[চাইপ্ৰাছ]]><value/></item><item><id>ST</id><![CDATA[চাও টোমে আৰু প্ৰিনচিপে]]><value/></item><item><id>TD</id><![CDATA[চাড]]><value/></item><item><id>SM</id><![CDATA[চান মাৰিনো]]><value/></item><item><id>SJ</id><![CDATA[চাভালবাৰ্ড আৰু জন মেয়ন]]><value/></item><item><id>WS</id><![CDATA[চামোৱা]]><value/></item><item><id>CZ</id><![CDATA[চিজেচিয়া]]><value/></item><item><id>SX</id><![CDATA[চিণ্ট মাৰ্টেন]]><value/></item><item><id>SL</id><![CDATA[চিয়েৰা লিঅ’ন]]><value/></item><item><id>SY</id><![CDATA[চিৰিয়া]]><value/></item><item><id>CL</id><![CDATA[চিলি]]><value/></item><item><id>CN</id><![CDATA[চীন]]><value/></item><item><id>CH</id><![CDATA[চুইজাৰলেণ্ড]]><value/></item><item><id>SE</id><![CDATA[চুইডেন]]><value/></item><item><id>SD</id><![CDATA[চুডান]]><value/></item><item><id>SN</id><![CDATA[চেনেগাল]]><value/></item><item><id>SO</id><![CDATA[চোমালিয়া]]><value/></item><item><id>SB</id><![CDATA[চোলোমোন দ্বীপপুঞ্জ]]><value/></item><item><id>SA</id><![CDATA[চৌডি আৰবিয়া]]><value/></item><item><id>RS</id><![CDATA[ছাৰ্বিয়া]]><value/></item><item><id>SG</id><![CDATA[ছিংগাপুৰ]]><value/></item><item><id>SC</id><![CDATA[ছিচিলিছ]]><value/></item><item><id>SR</id><![CDATA[ছুৰিনাম]]><value/></item><item><id>KN</id><![CDATA[ছেইণ্ট কিটছ আৰু নেভিছ]]><value/></item><item><id>PM</id><![CDATA[ছেইণ্ট পিয়েৰে আৰু মিকিউৱেলন]]><value/></item><item><id>BL</id><![CDATA[ছেইণ্ট বাৰ্থলেমে]]><value/></item><item><id>VC</id><![CDATA[ছেইণ্ট ভিনচেণ্ট আৰু গ্ৰীণাডাইনছ]]><value/></item><item><id>MF</id><![CDATA[ছেইণ্ট মাৰ্টিন]]><value/></item><item><id>LC</id><![CDATA[ছেইণ্ট লুচিয়া]]><value/></item><item><id>SH</id><![CDATA[ছেইণ্ট হেলেনা]]><value/></item><item><id>GE</id><![CDATA[জৰ্জিয়া]]><value/></item><item><id>JO</id><![CDATA[জৰ্ডান]]><value/></item><item><id>JP</id><![CDATA[জাপান]]><value/></item><item><id>JM</id><![CDATA[জামাইকা]]><value/></item><item><id>ZM</id><![CDATA[জাম্বিয়া]]><value/></item><item><id>JE</id><![CDATA[জাৰ্চি]]><value/></item><item><id>DE</id><![CDATA[জাৰ্মানী]]><value/></item><item><id>DJ</id><![CDATA[জিবুটি]]><value/></item><item><id>GI</id><![CDATA[জিব্ৰাল্টৰ]]><value/></item><item><id>ZW</id><![CDATA[জিম্বাবৱে]]><value/></item><item><id>TO</id><![CDATA[টংগা]]><value/></item><item><id>TW</id><![CDATA[টাইৱান]]><value/></item><item><id>TC</id><![CDATA[টাৰ্কছ অৰু কেইক’ছ দ্বীপপুঞ্জ]]><value/></item><item><id>TL</id><![CDATA[টিমোৰ-লেচটে]]><value/></item><item><id>TN</id><![CDATA[টুনিচিয়া]]><value/></item><item><id>TV</id><![CDATA[টুভালু]]><value/></item><item><id>TK</id><![CDATA[টোকেলাউ]]><value/></item><item><id>TG</id><![CDATA[টোগো]]><value/></item><item><id>TT</id><![CDATA[ট্ৰিনিডাড আৰু টোবাগো]]><value/></item><item><id>DM</id><![CDATA[ড’মিনিকা]]><value/></item><item><id>DO</id><![CDATA[ড’মিনিকান ৰিপাব্লিক]]><value/></item><item><id>DK</id><![CDATA[ডেনমাৰ্ক]]><value/></item><item><id>TJ</id><![CDATA[তাজিকিস্তান]]><value/></item><item><id>TZ</id><![CDATA[তাঞ্জানিয়া]]><value/></item><item><id>TM</id><![CDATA[তুৰ্কমেনিস্তান]]><value/></item><item><id>TR</id><![CDATA[তুৰ্কি]]><value/></item><item><id>TH</id><![CDATA[থাইলেণ্ড]]><value/></item><item><id>ZA</id><![CDATA[দক্ষিণ আফ্রিকা]]><value/></item><item><id>KR</id><![CDATA[দক্ষিণ কোৰিয়া]]><value/></item><item><id>SS</id><![CDATA[দক্ষিণ চুডান]]><value/></item><item><id>GS</id><![CDATA[দক্ষিণ জৰ্জিয়া আৰু দক্ষিণ চেণ্ডৱিচ দ্বীপপুঞ্জ]]><value/></item><item><id>TF</id><![CDATA[দক্ষিণ ফ্ৰান্সৰ অঞ্চল]]><value/></item><item><id>NF</id><![CDATA[ন’ৰফ’ক দ্বীপ]]><value/></item><item><id>NO</id><![CDATA[নৰৱে]]><value/></item><item><id>NE</id><![CDATA[নাইজাৰ]]><value/></item><item><id>NG</id><![CDATA[নাইজেৰিয়া]]><value/></item><item><id>NR</id><![CDATA[নাউৰু]]><value/></item><item><id>NA</id><![CDATA[নামিবিয়া]]><value/></item><item><id>NU</id><![CDATA[নিউ]]><value/></item><item><id>NC</id><![CDATA[নিউ কেলিডোনিয়া]]><value/></item><item><id>NZ</id><![CDATA[নিউজিলেণ্ড]]><value/></item><item><id>NI</id><![CDATA[নিকাৰাগুৱা]]><value/></item><item><id>NL</id><![CDATA[নেডাৰলেণ্ড]]><value/></item><item><id>NP</id><![CDATA[নেপাল]]><value/></item><item><id>PT</id><![CDATA[পৰ্তুগাল]]><value/></item><item><id>EH</id><![CDATA[পশ্চিমীয় ছাহাৰা]]><value/></item><item><id>PK</id><![CDATA[পাকিস্তান]]><value/></item><item><id>PA</id><![CDATA[পানামা]]><value/></item><item><id>PG</id><![CDATA[পাপুৱা নিউ গিনি]]><value/></item><item><id>PY</id><![CDATA[পাৰাগুৱে]]><value/></item><item><id>PW</id><![CDATA[পালাউ]]><value/></item><item><id>PN</id><![CDATA[পিটকেইৰ্ণ দ্বীপপুঞ্জ]]><value/></item><item><id>PR</id><![CDATA[পুৱেৰ্টো ৰিকো]]><value/></item><item><id>PE</id><![CDATA[পেৰু]]><value/></item><item><id>PL</id><![CDATA[পোলেণ্ড]]><value/></item><item><id>FK</id><![CDATA[ফকলেণ্ড দ্বীপপুঞ্জ]]><value/></item><item><id>FO</id><![CDATA[ফাৰো দ্বীপপুঞ্জ]]><value/></item><item><id>FJ</id><![CDATA[ফিজি]]><value/></item><item><id>FI</id><![CDATA[ফিনলেণ্ড]]><value/></item><item><id>PH</id><![CDATA[ফিলিপাইনছ]]><value/></item><item><id>PS</id><![CDATA[ফিলিস্তিন অঞ্চল]]><value/></item><item><id>FR</id><![CDATA[ফ্ৰান্স]]><value/></item><item><id>GF</id><![CDATA[ফ্ৰান্স গয়ানা]]><value/></item><item><id>PF</id><![CDATA[ফ্ৰান্স পোলেনচিয়া]]><value/></item><item><id>BA</id><![CDATA[ব’ছনিয়া আৰু হাৰ্জেগ’ভিনা]]><value/></item><item><id>BW</id><![CDATA[ব’টচোৱানা]]><value/></item><item><id>BO</id><![CDATA[বলিভিয়া]]><value/></item><item><id>BD</id><![CDATA[বাংলাদেশ]]><value/></item><item><id>BB</id><![CDATA[বাৰ্বাডোচ]]><value/></item><item><id>BM</id><![CDATA[বাৰ্মুডা]]><value/></item><item><id>BH</id><![CDATA[বাহৰেইন]]><value/></item><item><id>BS</id><![CDATA[বাহামাছ]]><value/></item><item><id>BV</id><![CDATA[বুভে দ্বীপ]]><value/></item><item><id>BF</id><![CDATA[বুৰকিনা ফাচো]]><value/></item><item><id>BI</id><![CDATA[বুৰুণ্ডি]]><value/></item><item><id>BG</id><![CDATA[বুলগেৰিয়া]]><value/></item><item><id>BJ</id><![CDATA[বেনিন]]><value/></item><item><id>BE</id><![CDATA[বেলজিয়াম]]><value/></item><item><id>BY</id><![CDATA[বেলাৰুছ]]><value/></item><item><id>BZ</id><![CDATA[বেলিজ]]><value/></item><item><id>BR</id><![CDATA[ব্ৰাজিল]]><value/></item><item><id>IO</id><![CDATA[ব্ৰিটিছ ইণ্ডিয়ান অ’চন টেৰিট’ৰি]]><value/></item><item><id>VG</id><![CDATA[ব্ৰিটিছ ভাৰ্জিন দ্বীপপুঞ্জ]]><value/></item><item><id>BN</id><![CDATA[ব্ৰুনেই]]><value/></item><item><id>VU</id><![CDATA[ভানাটু]]><value/></item><item><id>IN</id><![CDATA[ভাৰত]]><value/></item><item><id>VN</id><![CDATA[ভিয়েটনাম]]><value/></item><item><id>BT</id><![CDATA[ভুটান]]><value/></item><item><id>VA</id><![CDATA[ভেটিকান চিটি]]><value/></item><item><id>VE</id><![CDATA[ভেনিজুৱেলা]]><value/></item><item><id>MZ</id><![CDATA[ম’জামবিক]]><value/></item><item><id>MS</id><![CDATA[ম’ণ্টছেৰাট]]><value/></item><item><id>MN</id><![CDATA[মঙ্গোলিয়া]]><value/></item><item><id>ME</id><![CDATA[মণ্টেনেগ্ৰু]]><value/></item><item><id>CF</id><![CDATA[মধ্য আফ্রিকান প্রজাতন্ত্র]]><value/></item><item><id>MA</id><![CDATA[মৰক্কো]]><value/></item><item><id>MU</id><![CDATA[মৰিছাছ]]><value/></item><item><id>FM</id><![CDATA[মাইক্ৰোনেচিয়া]]><value/></item><item><id>MR</id><![CDATA[মাউৰিটানিয়া]]><value/></item><item><id>MO</id><![CDATA[মাকাও এছ. এ. আৰ. চীন]]><value/></item><item><id>MG</id><![CDATA[মাদাগাস্কাৰ]]><value/></item><item><id>YT</id><![CDATA[মায়োট্টে]]><value/></item><item><id>US</id><![CDATA[মাৰ্কিন যুক্তৰাষ্ট্ৰ]]><value/></item><item><id>MQ</id><![CDATA[মাৰ্টিনিক]]><value/></item><item><id>MH</id><![CDATA[মাৰ্শ্বাল দ্বীপপুঞ্জ]]><value/></item><item><id>MV</id><![CDATA[মালদ্বীপ]]><value/></item><item><id>MY</id><![CDATA[মালয়েচিয়া]]><value/></item><item><id>MW</id><![CDATA[মালাৱি]]><value/></item><item><id>ML</id><![CDATA[মালি]]><value/></item><item><id>MT</id><![CDATA[মাল্টা]]><value/></item><item><id>MX</id><![CDATA[মেক্সিকো]]><value/></item><item><id>MC</id><![CDATA[মোনাকো]]><value/></item><item><id>MD</id><![CDATA[মোলডোভা]]><value/></item><item><id>MM</id><![CDATA[ম্যানমাৰ (বাৰ্মা)]]><value/></item><item><id>YE</id><![CDATA[য়েমেন]]><value/></item><item><id>RU</id><![CDATA[ৰাছিয়া]]><value/></item><item><id>RE</id><![CDATA[ৰিইউনিয়ন]]><value/></item><item><id>RO</id><![CDATA[ৰোমানিয়া]]><value/></item><item><id>RW</id><![CDATA[ৰোৱাণ্ডা]]><value/></item><item><id>LA</id><![CDATA[লাওচ]]><value/></item><item><id>LU</id><![CDATA[লাক্সেমবাৰ্গ]]><value/></item><item><id>LV</id><![CDATA[লাটভিয়া]]><value/></item><item><id>LI</id><![CDATA[লিচটেনষ্টেইন]]><value/></item><item><id>LT</id><![CDATA[লিথুৱানিয়া]]><value/></item><item><id>LY</id><![CDATA[লিবিয়া]]><value/></item><item><id>LR</id><![CDATA[লিবেৰিয়া]]><value/></item><item><id>LS</id><![CDATA[লেছ’থ’]]><value/></item><item><id>LB</id><![CDATA[লেবানন]]><value/></item><item><id>WF</id><![CDATA[ৱালিছ আৰু ফুটুনা]]><value/></item><item><id>LK</id><![CDATA[শ্রীলংকা]]><value/></item><item><id>SK</id><![CDATA[শ্লোভাকিয়া]]><value/></item><item><id>SI</id><![CDATA[শ্লোভেনিয়া]]><value/></item><item><id>AE</id><![CDATA[সংযুক্ত আৰব আমিৰাত]]><value/></item><item><id>GB</id><![CDATA[সংযুক্ত ৰাজ্য]]><value/></item><item><id>ES</id><![CDATA[স্পেইন]]><value/></item><item><id>HK</id><![CDATA[হং কং এছ. এ. আৰ. চীন]]><value/></item><item><id>HN</id><![CDATA[হন্দুৰাছ]]><value/></item><item><id>HT</id><![CDATA[হাইটি]]><value/></item><item><id>HU</id><![CDATA[হাংগেৰী]]><value/></item><item><id>HM</id><![CDATA[হাৰ্ড দ্বীপ আৰু মেকডোনাল্ড দ্বীপপুঞ্জ]]><value/></item></values>
