<?xml version="1.0" encoding="utf-8"?>
<values><item><id>AU</id><![CDATA[Австралия]]><value/></item><item><id>AT</id><![CDATA[Австрия]]><value/></item><item><id>AZ</id><![CDATA[Азербайджан]]><value/></item><item><id>AL</id><![CDATA[Албания]]><value/></item><item><id>DZ</id><![CDATA[Алжир]]><value/></item><item><id>AS</id><![CDATA[Американска Самоа]]><value/></item><item><id>VI</id><![CDATA[Американски Вирджински острови]]><value/></item><item><id>AO</id><![CDATA[Ангола]]><value/></item><item><id>AI</id><![CDATA[Ангуила]]><value/></item><item><id>AD</id><![CDATA[Андора]]><value/></item><item><id>AQ</id><![CDATA[Антарктика]]><value/></item><item><id>AG</id><![CDATA[Антигуа и Барбуда]]><value/></item><item><id>AR</id><![CDATA[Аржентина]]><value/></item><item><id>AM</id><![CDATA[Армения]]><value/></item><item><id>AW</id><![CDATA[Аруба]]><value/></item><item><id>AF</id><![CDATA[Афганистан]]><value/></item><item><id>BD</id><![CDATA[Бангладеш]]><value/></item><item><id>BB</id><![CDATA[Барбадос]]><value/></item><item><id>BS</id><![CDATA[Бахамски острови]]><value/></item><item><id>BH</id><![CDATA[Бахрейн]]><value/></item><item><id>BY</id><![CDATA[Беларус]]><value/></item><item><id>BE</id><![CDATA[Белгия]]><value/></item><item><id>BZ</id><![CDATA[Белиз]]><value/></item><item><id>BJ</id><![CDATA[Бенин]]><value/></item><item><id>BM</id><![CDATA[Бермудски острови]]><value/></item><item><id>BO</id><![CDATA[Боливия]]><value/></item><item><id>BA</id><![CDATA[Босна и Херцеговина]]><value/></item><item><id>BW</id><![CDATA[Ботсвана]]><value/></item><item><id>BR</id><![CDATA[Бразилия]]><value/></item><item><id>IO</id><![CDATA[Британска територия в Индийския океан]]><value/></item><item><id>VG</id><![CDATA[Британски Вирджински острови]]><value/></item><item><id>BN</id><![CDATA[Бруней Даруссалам]]><value/></item><item><id>BF</id><![CDATA[Буркина Фасо]]><value/></item><item><id>BI</id><![CDATA[Бурунди]]><value/></item><item><id>BT</id><![CDATA[Бутан]]><value/></item><item><id>BG</id><![CDATA[България]]><value/></item><item><id>VU</id><![CDATA[Вануату]]><value/></item><item><id>VA</id><![CDATA[Ватикан]]><value/></item><item><id>VE</id><![CDATA[Венецуела]]><value/></item><item><id>VN</id><![CDATA[Виетнам]]><value/></item><item><id>GA</id><![CDATA[Габон]]><value/></item><item><id>GM</id><![CDATA[Гамбия]]><value/></item><item><id>GH</id><![CDATA[Гана]]><value/></item><item><id>GY</id><![CDATA[Гаяна]]><value/></item><item><id>GP</id><![CDATA[Гваделупа]]><value/></item><item><id>GT</id><![CDATA[Гватемала]]><value/></item><item><id>GN</id><![CDATA[Гвинея]]><value/></item><item><id>GW</id><![CDATA[Гвинея-Бисау]]><value/></item><item><id>DE</id><![CDATA[Германия]]><value/></item><item><id>GI</id><![CDATA[Гибралтар]]><value/></item><item><id>GD</id><![CDATA[Гренада]]><value/></item><item><id>GL</id><![CDATA[Гренландия]]><value/></item><item><id>GE</id><![CDATA[Грузия]]><value/></item><item><id>GU</id><![CDATA[Гуам]]><value/></item><item><id>GG</id><![CDATA[Гърнзи]]><value/></item><item><id>GR</id><![CDATA[Гърция]]><value/></item><item><id>DK</id><![CDATA[Дания]]><value/></item><item><id>DJ</id><![CDATA[Джибути]]><value/></item><item><id>JE</id><![CDATA[Джърси]]><value/></item><item><id>DM</id><![CDATA[Доминика]]><value/></item><item><id>DO</id><![CDATA[Доминиканска република]]><value/></item><item><id>EG</id><![CDATA[Египет]]><value/></item><item><id>EC</id><![CDATA[Еквадор]]><value/></item><item><id>GQ</id><![CDATA[Екваториална Гвинея]]><value/></item><item><id>ER</id><![CDATA[Еритрея]]><value/></item><item><id>SZ</id><![CDATA[Есватини]]><value/></item><item><id>EE</id><![CDATA[Естония]]><value/></item><item><id>ET</id><![CDATA[Етиопия]]><value/></item><item><id>ZM</id><![CDATA[Замбия]]><value/></item><item><id>EH</id><![CDATA[Западна Сахара]]><value/></item><item><id>ZW</id><![CDATA[Зимбабве]]><value/></item><item><id>IL</id><![CDATA[Израел]]><value/></item><item><id>TL</id><![CDATA[Източен Тимор]]><value/></item><item><id>IN</id><![CDATA[Индия]]><value/></item><item><id>ID</id><![CDATA[Индонезия]]><value/></item><item><id>IQ</id><![CDATA[Ирак]]><value/></item><item><id>IR</id><![CDATA[Иран]]><value/></item><item><id>IE</id><![CDATA[Ирландия]]><value/></item><item><id>IS</id><![CDATA[Исландия]]><value/></item><item><id>ES</id><![CDATA[Испания]]><value/></item><item><id>IT</id><![CDATA[Италия]]><value/></item><item><id>YE</id><![CDATA[Йемен]]><value/></item><item><id>JO</id><![CDATA[Йордания]]><value/></item><item><id>CV</id><![CDATA[Кабо Верде]]><value/></item><item><id>KZ</id><![CDATA[Казахстан]]><value/></item><item><id>KY</id><![CDATA[Кайманови острови]]><value/></item><item><id>KH</id><![CDATA[Камбоджа]]><value/></item><item><id>CM</id><![CDATA[Камерун]]><value/></item><item><id>CA</id><![CDATA[Канада]]><value/></item><item><id>BQ</id><![CDATA[Карибска Нидерландия]]><value/></item><item><id>QA</id><![CDATA[Катар]]><value/></item><item><id>KE</id><![CDATA[Кения]]><value/></item><item><id>CY</id><![CDATA[Кипър]]><value/></item><item><id>KG</id><![CDATA[Киргизстан]]><value/></item><item><id>KI</id><![CDATA[Кирибати]]><value/></item><item><id>CN</id><![CDATA[Китай]]><value/></item><item><id>CC</id><![CDATA[Кокосови острови (острови Кийлинг)]]><value/></item><item><id>CO</id><![CDATA[Колумбия]]><value/></item><item><id>KM</id><![CDATA[Коморски острови]]><value/></item><item><id>CG</id><![CDATA[Конго (Бразавил)]]><value/></item><item><id>CD</id><![CDATA[Конго (Киншаса)]]><value/></item><item><id>CR</id><![CDATA[Коста Рика]]><value/></item><item><id>CI</id><![CDATA[Кот д’Ивоар]]><value/></item><item><id>CU</id><![CDATA[Куба]]><value/></item><item><id>KW</id><![CDATA[Кувейт]]><value/></item><item><id>CW</id><![CDATA[Кюрасао]]><value/></item><item><id>LA</id><![CDATA[Лаос]]><value/></item><item><id>LV</id><![CDATA[Латвия]]><value/></item><item><id>LS</id><![CDATA[Лесото]]><value/></item><item><id>LR</id><![CDATA[Либерия]]><value/></item><item><id>LY</id><![CDATA[Либия]]><value/></item><item><id>LB</id><![CDATA[Ливан]]><value/></item><item><id>LT</id><![CDATA[Литва]]><value/></item><item><id>LI</id><![CDATA[Лихтенщайн]]><value/></item><item><id>LU</id><![CDATA[Люксембург]]><value/></item><item><id>MR</id><![CDATA[Мавритания]]><value/></item><item><id>MU</id><![CDATA[Мавриций]]><value/></item><item><id>MG</id><![CDATA[Мадагаскар]]><value/></item><item><id>YT</id><![CDATA[Майот]]><value/></item><item><id>MO</id><![CDATA[Макао, САР на Китай]]><value/></item><item><id>MW</id><![CDATA[Малави]]><value/></item><item><id>MY</id><![CDATA[Малайзия]]><value/></item><item><id>MV</id><![CDATA[Малдиви]]><value/></item><item><id>ML</id><![CDATA[Мали]]><value/></item><item><id>MT</id><![CDATA[Малта]]><value/></item><item><id>MA</id><![CDATA[Мароко]]><value/></item><item><id>MQ</id><![CDATA[Мартиника]]><value/></item><item><id>MH</id><![CDATA[Маршалови острови]]><value/></item><item><id>MX</id><![CDATA[Мексико]]><value/></item><item><id>MM</id><![CDATA[Мианмар (Бирма)]]><value/></item><item><id>FM</id><![CDATA[Микронезия]]><value/></item><item><id>MZ</id><![CDATA[Мозамбик]]><value/></item><item><id>MD</id><![CDATA[Молдова]]><value/></item><item><id>MC</id><![CDATA[Монако]]><value/></item><item><id>MN</id><![CDATA[Монголия]]><value/></item><item><id>MS</id><![CDATA[Монтсерат]]><value/></item><item><id>NA</id><![CDATA[Намибия]]><value/></item><item><id>NR</id><![CDATA[Науру]]><value/></item><item><id>NP</id><![CDATA[Непал]]><value/></item><item><id>NE</id><![CDATA[Нигер]]><value/></item><item><id>NG</id><![CDATA[Нигерия]]><value/></item><item><id>NL</id><![CDATA[Нидерландия]]><value/></item><item><id>NI</id><![CDATA[Никарагуа]]><value/></item><item><id>NU</id><![CDATA[Ниуе]]><value/></item><item><id>NZ</id><![CDATA[Нова Зеландия]]><value/></item><item><id>NC</id><![CDATA[Нова Каледония]]><value/></item><item><id>NO</id><![CDATA[Норвегия]]><value/></item><item><id>AE</id><![CDATA[Обединени арабски емирства]]><value/></item><item><id>GB</id><![CDATA[Обединеното кралство]]><value/></item><item><id>AX</id><![CDATA[Оландски острови]]><value/></item><item><id>OM</id><![CDATA[Оман]]><value/></item><item><id>BV</id><![CDATA[остров Буве]]><value/></item><item><id>IM</id><![CDATA[остров Ман]]><value/></item><item><id>NF</id><![CDATA[остров Норфолк]]><value/></item><item><id>CX</id><![CDATA[остров Рождество]]><value/></item><item><id>CK</id><![CDATA[острови Кук]]><value/></item><item><id>PN</id><![CDATA[Острови Питкерн]]><value/></item><item><id>TC</id><![CDATA[острови Търкс и Кайкос]]><value/></item><item><id>HM</id><![CDATA[острови Хърд и Макдоналд]]><value/></item><item><id>UM</id><![CDATA[Отдалечени острови на САЩ]]><value/></item><item><id>PK</id><![CDATA[Пакистан]]><value/></item><item><id>PW</id><![CDATA[Палау]]><value/></item><item><id>PS</id><![CDATA[Палестински територии]]><value/></item><item><id>PA</id><![CDATA[Панама]]><value/></item><item><id>PG</id><![CDATA[Папуа-Нова Гвинея]]><value/></item><item><id>PY</id><![CDATA[Парагвай]]><value/></item><item><id>PE</id><![CDATA[Перу]]><value/></item><item><id>PL</id><![CDATA[Полша]]><value/></item><item><id>PT</id><![CDATA[Португалия]]><value/></item><item><id>PR</id><![CDATA[Пуерто Рико]]><value/></item><item><id>RE</id><![CDATA[Реюнион]]><value/></item><item><id>RW</id><![CDATA[Руанда]]><value/></item><item><id>RO</id><![CDATA[Румъния]]><value/></item><item><id>RU</id><![CDATA[Русия]]><value/></item><item><id>SV</id><![CDATA[Салвадор]]><value/></item><item><id>WS</id><![CDATA[Самоа]]><value/></item><item><id>SM</id><![CDATA[Сан Марино]]><value/></item><item><id>ST</id><![CDATA[Сао Томе и Принсипи]]><value/></item><item><id>SA</id><![CDATA[Саудитска Арабия]]><value/></item><item><id>SJ</id><![CDATA[Свалбард и Ян Майен]]><value/></item><item><id>SH</id><![CDATA[Света Елена]]><value/></item><item><id>KP</id><![CDATA[Северна Корея]]><value/></item><item><id>MK</id><![CDATA[Северна Македония]]><value/></item><item><id>MP</id><![CDATA[Северни Мариански острови]]><value/></item><item><id>VC</id><![CDATA[Сейнт Винсънт и Гренадини]]><value/></item><item><id>KN</id><![CDATA[Сейнт Китс и Невис]]><value/></item><item><id>LC</id><![CDATA[Сейнт Лусия]]><value/></item><item><id>SC</id><![CDATA[Сейшели]]><value/></item><item><id>BL</id><![CDATA[Сен Бартелеми]]><value/></item><item><id>MF</id><![CDATA[Сен Мартен]]><value/></item><item><id>PM</id><![CDATA[Сен Пиер и Микелон]]><value/></item><item><id>SN</id><![CDATA[Сенегал]]><value/></item><item><id>SL</id><![CDATA[Сиера Леоне]]><value/></item><item><id>SG</id><![CDATA[Сингапур]]><value/></item><item><id>SX</id><![CDATA[Синт Мартен]]><value/></item><item><id>SY</id><![CDATA[Сирия]]><value/></item><item><id>SK</id><![CDATA[Словакия]]><value/></item><item><id>SI</id><![CDATA[Словения]]><value/></item><item><id>SB</id><![CDATA[Соломонови острови]]><value/></item><item><id>SO</id><![CDATA[Сомалия]]><value/></item><item><id>SD</id><![CDATA[Судан]]><value/></item><item><id>SR</id><![CDATA[Суринам]]><value/></item><item><id>US</id><![CDATA[Съединени щати]]><value/></item><item><id>RS</id><![CDATA[Сърбия]]><value/></item><item><id>TJ</id><![CDATA[Таджикистан]]><value/></item><item><id>TW</id><![CDATA[Тайван]]><value/></item><item><id>TH</id><![CDATA[Тайланд]]><value/></item><item><id>TZ</id><![CDATA[Танзания]]><value/></item><item><id>TG</id><![CDATA[Того]]><value/></item><item><id>TK</id><![CDATA[Токелау]]><value/></item><item><id>TO</id><![CDATA[Тонга]]><value/></item><item><id>TT</id><![CDATA[Тринидад и Тобаго]]><value/></item><item><id>TV</id><![CDATA[Тувалу]]><value/></item><item><id>TN</id><![CDATA[Тунис]]><value/></item><item><id>TM</id><![CDATA[Туркменистан]]><value/></item><item><id>TR</id><![CDATA[Турция]]><value/></item><item><id>UG</id><![CDATA[Уганда]]><value/></item><item><id>UZ</id><![CDATA[Узбекистан]]><value/></item><item><id>UA</id><![CDATA[Украйна]]><value/></item><item><id>HU</id><![CDATA[Унгария]]><value/></item><item><id>WF</id><![CDATA[Уолис и Футуна]]><value/></item><item><id>UY</id><![CDATA[Уругвай]]><value/></item><item><id>FO</id><![CDATA[Фарьорски острови]]><value/></item><item><id>FJ</id><![CDATA[Фиджи]]><value/></item><item><id>PH</id><![CDATA[Филипини]]><value/></item><item><id>FI</id><![CDATA[Финландия]]><value/></item><item><id>FK</id><![CDATA[Фолкландски острови]]><value/></item><item><id>FR</id><![CDATA[Франция]]><value/></item><item><id>GF</id><![CDATA[Френска Гвиана]]><value/></item><item><id>PF</id><![CDATA[Френска Полинезия]]><value/></item><item><id>TF</id><![CDATA[Френски южни територии]]><value/></item><item><id>HT</id><![CDATA[Хаити]]><value/></item><item><id>HN</id><![CDATA[Хондурас]]><value/></item><item><id>HK</id><![CDATA[Хонконг, САР на Китай]]><value/></item><item><id>HR</id><![CDATA[Хърватия]]><value/></item><item><id>CF</id><![CDATA[Централноафриканска република]]><value/></item><item><id>TD</id><![CDATA[Чад]]><value/></item><item><id>ME</id><![CDATA[Черна гора]]><value/></item><item><id>CZ</id><![CDATA[Чехия]]><value/></item><item><id>CL</id><![CDATA[Чили]]><value/></item><item><id>CH</id><![CDATA[Швейцария]]><value/></item><item><id>SE</id><![CDATA[Швеция]]><value/></item><item><id>LK</id><![CDATA[Шри Ланка]]><value/></item><item><id>SS</id><![CDATA[Южен Судан]]><value/></item><item><id>ZA</id><![CDATA[Южна Африка]]><value/></item><item><id>GS</id><![CDATA[Южна Джорджия и Южни Сандвичеви острови]]><value/></item><item><id>KR</id><![CDATA[Южна Корея]]><value/></item><item><id>JM</id><![CDATA[Ямайка]]><value/></item><item><id>JP</id><![CDATA[Япония]]><value/></item></values>
