<?xml version="1.0" encoding="utf-8"?>
<values><item><id>AM</id><![CDATA[Aamenia]]><value/></item><item><id>IE</id><![CDATA[Aereland]]><value/></item><item><id>IS</id><![CDATA[Aesland]]><value/></item><item><id>AF</id><![CDATA[Afganistan]]><value/></item><item><id>ZA</id><![CDATA[Afrika Anaafo]]><value/></item><item><id>CF</id><![CDATA[Afrika Finimfin Man]]><value/></item><item><id>AR</id><![CDATA[Agyɛntina]]><value/></item><item><id>GB</id><![CDATA[Ahendiman Nkabom]]><value/></item><item><id>AX</id><![CDATA[Åland Islands]]><value/></item><item><id>AL</id><![CDATA[Albenia]]><value/></item><item><id>US</id><![CDATA[Amɛrika]]><value/></item><item><id>AS</id><![CDATA[Amɛrika Samoa]]><value/></item><item><id>VI</id><![CDATA[Amɛrika Virgin Islands]]><value/></item><item><id>KR</id><![CDATA[Anaafo Koria]]><value/></item><item><id>AD</id><![CDATA[Andora]]><value/></item><item><id>AO</id><![CDATA[Angola]]><value/></item><item><id>AI</id><![CDATA[Anguila]]><value/></item><item><id>AQ</id><![CDATA[Antarctica]]><value/></item><item><id>AG</id><![CDATA[Antigua ne Baabuda]]><value/></item><item><id>AW</id><![CDATA[Aruba]]><value/></item><item><id>AZ</id><![CDATA[Azebaegyan]]><value/></item><item><id>BB</id><![CDATA[Baabados]]><value/></item><item><id>BS</id><![CDATA[Bahama]]><value/></item><item><id>BD</id><![CDATA[Bangladɛhye]]><value/></item><item><id>BH</id><![CDATA[Baren]]><value/></item><item><id>BZ</id><![CDATA[Beliz]]><value/></item><item><id>BY</id><![CDATA[Bɛlarus]]><value/></item><item><id>BE</id><![CDATA[Bɛlgyium]]><value/></item><item><id>BM</id><![CDATA[Bɛmuda]]><value/></item><item><id>BJ</id><![CDATA[Bɛnin]]><value/></item><item><id>BO</id><![CDATA[Bolivia]]><value/></item><item><id>BA</id><![CDATA[Bosnia ne Hɛzegovina]]><value/></item><item><id>BV</id><![CDATA[Bouvet Island]]><value/></item><item><id>BF</id><![CDATA[Bɔkina Faso]]><value/></item><item><id>BG</id><![CDATA[Bɔlgeria]]><value/></item><item><id>BW</id><![CDATA[Bɔtswana]]><value/></item><item><id>BR</id><![CDATA[Brazil]]><value/></item><item><id>VG</id><![CDATA[Britainfo Virgin Islands]]><value/></item><item><id>IO</id><![CDATA[Britenfo Hɔn Man Wɔ India Po No Mu]]><value/></item><item><id>BN</id><![CDATA[Brunae]]><value/></item><item><id>BI</id><![CDATA[Burundi]]><value/></item><item><id>BT</id><![CDATA[Butan]]><value/></item><item><id>BQ</id><![CDATA[Caribbean Netherlands]]><value/></item><item><id>CX</id><![CDATA[Christmas Island]]><value/></item><item><id>CC</id><![CDATA[Cocos (Keeling) Islands]]><value/></item><item><id>CW</id><![CDATA[Curaçao]]><value/></item><item><id>DK</id><![CDATA[Dɛnmak]]><value/></item><item><id>DM</id><![CDATA[Dɔmeneka]]><value/></item><item><id>DO</id><![CDATA[Dɔmeneka Kurokɛse]]><value/></item><item><id>KP</id><![CDATA[Etifi Koria]]><value/></item><item><id>SV</id><![CDATA[Ɛl Salvadɔ]]><value/></item><item><id>ER</id><![CDATA[Ɛritrea]]><value/></item><item><id>EE</id><![CDATA[Ɛstonia]]><value/></item><item><id>FO</id><![CDATA[Faroe Islands]]><value/></item><item><id>FJ</id><![CDATA[Figyi]]><value/></item><item><id>FI</id><![CDATA[Finland]]><value/></item><item><id>FK</id><![CDATA[Fɔlkman Aeland]]><value/></item><item><id>TF</id><![CDATA[French Southern Territories]]><value/></item><item><id>GF</id><![CDATA[Frɛnkye Gayana]]><value/></item><item><id>PF</id><![CDATA[Frɛnkye Pɔlenehyia]]><value/></item><item><id>FR</id><![CDATA[Frɛnkyeman]]><value/></item><item><id>GH</id><![CDATA[Gaana]]><value/></item><item><id>GA</id><![CDATA[Gabɔn]]><value/></item><item><id>GM</id><![CDATA[Gambia]]><value/></item><item><id>GY</id><![CDATA[Gayana]]><value/></item><item><id>GN</id><![CDATA[Gini]]><value/></item><item><id>GW</id><![CDATA[Gini Bisaw]]><value/></item><item><id>GQ</id><![CDATA[Gini Ikuweta]]><value/></item><item><id>GR</id><![CDATA[Greekman]]><value/></item><item><id>GL</id><![CDATA[Greenman]]><value/></item><item><id>GD</id><![CDATA[Grenada]]><value/></item><item><id>GU</id><![CDATA[Guam]]><value/></item><item><id>GG</id><![CDATA[Guernsey]]><value/></item><item><id>GP</id><![CDATA[Guwadelup]]><value/></item><item><id>GT</id><![CDATA[Guwatemala]]><value/></item><item><id>DE</id><![CDATA[Gyaaman]]><value/></item><item><id>JM</id><![CDATA[Gyameka]]><value/></item><item><id>JP</id><![CDATA[Gyapan]]><value/></item><item><id>GI</id><![CDATA[Gyebralta]]><value/></item><item><id>DJ</id><![CDATA[Gyibuti]]><value/></item><item><id>JO</id><![CDATA[Gyɔdan]]><value/></item><item><id>GE</id><![CDATA[Gyɔgyea]]><value/></item><item><id>HU</id><![CDATA[Hangari]]><value/></item><item><id>HM</id><![CDATA[Heard & McDonald Islands]]><value/></item><item><id>HT</id><![CDATA[Heiti]]><value/></item><item><id>HK</id><![CDATA[Hong Kong SAR China]]><value/></item><item><id>HN</id><![CDATA[Hɔnduras]]><value/></item><item><id>EC</id><![CDATA[Ikuwadɔ]]><value/></item><item><id>IN</id><![CDATA[India]]><value/></item><item><id>ID</id><![CDATA[Indɔnehyia]]><value/></item><item><id>IQ</id><![CDATA[Irak]]><value/></item><item><id>IR</id><![CDATA[Iran]]><value/></item><item><id>IM</id><![CDATA[Isle of Man]]><value/></item><item><id>IL</id><![CDATA[Israel]]><value/></item><item><id>IT</id><![CDATA[Itali]]><value/></item><item><id>ET</id><![CDATA[Ithiopia]]><value/></item><item><id>JE</id><![CDATA[Jersey]]><value/></item><item><id>NC</id><![CDATA[Kaledonia Foforo]]><value/></item><item><id>KH</id><![CDATA[Kambodia]]><value/></item><item><id>CM</id><![CDATA[Kamɛrun]]><value/></item><item><id>CA</id><![CDATA[Kanada]]><value/></item><item><id>QA</id><![CDATA[Kata]]><value/></item><item><id>KZ</id><![CDATA[Kazakstan]]><value/></item><item><id>KY</id><![CDATA[Kemanfo Islands]]><value/></item><item><id>CV</id><![CDATA[Kepvɛdfo Islands]]><value/></item><item><id>KG</id><![CDATA[Kɛɛgestan]]><value/></item><item><id>KE</id><![CDATA[Kɛnya]]><value/></item><item><id>KI</id><![CDATA[Kiribati]]><value/></item><item><id>CO</id><![CDATA[Kolombia]]><value/></item><item><id>CG</id><![CDATA[Kongo]]><value/></item><item><id>CD</id><![CDATA[Kongo (Zair)]]><value/></item><item><id>CK</id><![CDATA[Kook Nsupɔw]]><value/></item><item><id>KM</id><![CDATA[Kɔmɔrɔs]]><value/></item><item><id>CR</id><![CDATA[Kɔsta Rika]]><value/></item><item><id>HR</id><![CDATA[Krowehyia]]><value/></item><item><id>CU</id><![CDATA[Kuba]]><value/></item><item><id>KW</id><![CDATA[Kuwete]]><value/></item><item><id>TD</id><![CDATA[Kyad]]><value/></item><item><id>CN</id><![CDATA[Kyaena]]><value/></item><item><id>CZ</id><![CDATA[Kyɛk Kurokɛse]]><value/></item><item><id>CL</id><![CDATA[Kyili]]><value/></item><item><id>CI</id><![CDATA[La Côte d’Ivoire]]><value/></item><item><id>LR</id><![CDATA[Laeberia]]><value/></item><item><id>LU</id><![CDATA[Laksembɛg]]><value/></item><item><id>LA</id><![CDATA[Laos]]><value/></item><item><id>LV</id><![CDATA[Latvia]]><value/></item><item><id>LI</id><![CDATA[Lektenstaen]]><value/></item><item><id>LB</id><![CDATA[Lɛbanɔn]]><value/></item><item><id>LS</id><![CDATA[Lɛsutu]]><value/></item><item><id>LY</id><![CDATA[Libya]]><value/></item><item><id>LT</id><![CDATA[Lituwenia]]><value/></item><item><id>MO</id><![CDATA[Macao SAR China]]><value/></item><item><id>MG</id><![CDATA[Madagaska]]><value/></item><item><id>FM</id><![CDATA[Maekronehyia]]><value/></item><item><id>MW</id><![CDATA[Malawi]]><value/></item><item><id>MV</id><![CDATA[Maldives]]><value/></item><item><id>MY</id><![CDATA[Malehyia]]><value/></item><item><id>ML</id><![CDATA[Mali]]><value/></item><item><id>MS</id><![CDATA[Mantserat]]><value/></item><item><id>MH</id><![CDATA[Marshall Islands]]><value/></item><item><id>MQ</id><![CDATA[Matinik]]><value/></item><item><id>YT</id><![CDATA[Mayɔte]]><value/></item><item><id>MX</id><![CDATA[Mɛksiko]]><value/></item><item><id>MM</id><![CDATA[Miyanma]]><value/></item><item><id>ME</id><![CDATA[Montenegro]]><value/></item><item><id>MA</id><![CDATA[Moroko]]><value/></item><item><id>MZ</id><![CDATA[Mozambik]]><value/></item><item><id>MD</id><![CDATA[Mɔldova]]><value/></item><item><id>MT</id><![CDATA[Mɔlta]]><value/></item><item><id>MC</id><![CDATA[Mɔnako]]><value/></item><item><id>MN</id><![CDATA[Mɔngolia]]><value/></item><item><id>MU</id><![CDATA[Mɔrehyeɔs]]><value/></item><item><id>MR</id><![CDATA[Mɔretenia]]><value/></item><item><id>NG</id><![CDATA[Naegyeria]]><value/></item><item><id>NA</id><![CDATA[Namibia]]><value/></item><item><id>NR</id><![CDATA[Naworu]]><value/></item><item><id>NI</id><![CDATA[Nekaraguwa]]><value/></item><item><id>NL</id><![CDATA[Nɛdɛland]]><value/></item><item><id>NP</id><![CDATA[Nɛpɔl]]><value/></item><item><id>NE</id><![CDATA[Nigyɛ]]><value/></item><item><id>EG</id><![CDATA[Nisrim]]><value/></item><item><id>NU</id><![CDATA[Niyu]]><value/></item><item><id>MK</id><![CDATA[North Macedonia]]><value/></item><item><id>MP</id><![CDATA[Northern Mariana Islands]]><value/></item><item><id>NF</id><![CDATA[Nɔfolk Aeland]]><value/></item><item><id>NO</id><![CDATA[Nɔɔwe]]><value/></item><item><id>OM</id><![CDATA[Oman]]><value/></item><item><id>DZ</id><![CDATA[Ɔlgyeria]]><value/></item><item><id>AU</id><![CDATA[Ɔstrelia]]><value/></item><item><id>AT</id><![CDATA[Ɔstria]]><value/></item><item><id>PK</id><![CDATA[Pakistan]]><value/></item><item><id>PW</id><![CDATA[Palau]]><value/></item><item><id>PS</id><![CDATA[Palestaen West Bank ne Gaza]]><value/></item><item><id>PA</id><![CDATA[Panama]]><value/></item><item><id>PG</id><![CDATA[Papua Guinea Foforo]]><value/></item><item><id>PY</id><![CDATA[Paraguay]]><value/></item><item><id>PE</id><![CDATA[Peru]]><value/></item><item><id>PH</id><![CDATA[Philippines]]><value/></item><item><id>PN</id><![CDATA[Pitcairn]]><value/></item><item><id>PL</id><![CDATA[Poland]]><value/></item><item><id>PT</id><![CDATA[Pɔtugal]]><value/></item><item><id>PR</id><![CDATA[Puɛto Riko]]><value/></item><item><id>RE</id><![CDATA[Reyuniɔn]]><value/></item><item><id>RO</id><![CDATA[Romenia]]><value/></item><item><id>RU</id><![CDATA[Rɔhyea]]><value/></item><item><id>RW</id><![CDATA[Rwanda]]><value/></item><item><id>CY</id><![CDATA[Saeprɔs]]><value/></item><item><id>SH</id><![CDATA[Saint Helena]]><value/></item><item><id>KN</id><![CDATA[Saint Kitts ne Nɛves]]><value/></item><item><id>LC</id><![CDATA[Saint Lucia]]><value/></item><item><id>PM</id><![CDATA[Saint Pierre ne Miquelon]]><value/></item><item><id>VC</id><![CDATA[Saint Vincent ne Grenadines]]><value/></item><item><id>WS</id><![CDATA[Samoa]]><value/></item><item><id>SM</id><![CDATA[San Marino]]><value/></item><item><id>ST</id><![CDATA[São Tomé and Príncipe]]><value/></item><item><id>SA</id><![CDATA[Saudi Arabia]]><value/></item><item><id>SN</id><![CDATA[Senegal]]><value/></item><item><id>RS</id><![CDATA[Serbia]]><value/></item><item><id>SC</id><![CDATA[Seyhyɛl]]><value/></item><item><id>SL</id><![CDATA[Sierra Leone]]><value/></item><item><id>SG</id><![CDATA[Singapɔ]]><value/></item><item><id>SX</id><![CDATA[Sint Maarten]]><value/></item><item><id>SY</id><![CDATA[Siria]]><value/></item><item><id>SK</id><![CDATA[Slovakia]]><value/></item><item><id>SI</id><![CDATA[Slovinia]]><value/></item><item><id>SB</id><![CDATA[Solomon Islands]]><value/></item><item><id>SO</id><![CDATA[Somalia]]><value/></item><item><id>GS</id><![CDATA[South Georgia & South Sandwich Islands]]><value/></item><item><id>SS</id><![CDATA[South Sudan]]><value/></item><item><id>ES</id><![CDATA[Spain]]><value/></item><item><id>LK</id><![CDATA[Sri Lanka]]><value/></item><item><id>BL</id><![CDATA[St. Barthélemy]]><value/></item><item><id>MF</id><![CDATA[St. Martin]]><value/></item><item><id>SD</id><![CDATA[Sudan]]><value/></item><item><id>SR</id><![CDATA[Suriname]]><value/></item><item><id>SJ</id><![CDATA[Svalbard & Jan Mayen]]><value/></item><item><id>SZ</id><![CDATA[Swaziland]]><value/></item><item><id>SE</id><![CDATA[Sweden]]><value/></item><item><id>CH</id><![CDATA[Swetzaland]]><value/></item><item><id>TH</id><![CDATA[Taeland]]><value/></item><item><id>TW</id><![CDATA[Taiwan]]><value/></item><item><id>TJ</id><![CDATA[Tajikistan]]><value/></item><item><id>TZ</id><![CDATA[Tanzania]]><value/></item><item><id>TR</id><![CDATA[Tɛɛki]]><value/></item><item><id>TM</id><![CDATA[Tɛkmɛnistan]]><value/></item><item><id>TL</id><![CDATA[Timɔ Boka]]><value/></item><item><id>TG</id><![CDATA[Togo]]><value/></item><item><id>TK</id><![CDATA[Tokelau]]><value/></item><item><id>TO</id><![CDATA[Tonga]]><value/></item><item><id>TT</id><![CDATA[Trinidad ne Tobago]]><value/></item><item><id>TN</id><![CDATA[Tunihyia]]><value/></item><item><id>TC</id><![CDATA[Turks ne Caicos Islands]]><value/></item><item><id>TV</id><![CDATA[Tuvalu]]><value/></item><item><id>UM</id><![CDATA[U.S. Outlying Islands]]><value/></item><item><id>UG</id><![CDATA[Uganda]]><value/></item><item><id>UA</id><![CDATA[Ukren]]><value/></item><item><id>AE</id><![CDATA[United Arab Emirates]]><value/></item><item><id>UZ</id><![CDATA[Uzbɛkistan]]><value/></item><item><id>VU</id><![CDATA[Vanuatu]]><value/></item><item><id>VA</id><![CDATA[Vatican Man]]><value/></item><item><id>VE</id><![CDATA[Venezuela]]><value/></item><item><id>VN</id><![CDATA[Viɛtnam]]><value/></item><item><id>WF</id><![CDATA[Wallis ne Futuna]]><value/></item><item><id>EH</id><![CDATA[Western Sahara]]><value/></item><item><id>YE</id><![CDATA[Yɛmen]]><value/></item><item><id>UY</id><![CDATA[Yurugwae]]><value/></item><item><id>ZM</id><![CDATA[Zambia]]><value/></item><item><id>ZW</id><![CDATA[Zembabwe]]><value/></item><item><id>NZ</id><![CDATA[Ziland Foforo]]><value/></item></values>
