{"AM":"Aamenia","IE":"Aereland","IS":"Aesland","AF":"Afganistan","ZA":"Afrika Anaafo","CF":"Afrika Finimfin Man","AR":"Agy\u025bntina","GB":"Ahendiman Nkabom","AX":"\u00c5land Islands","AL":"Albenia","US":"Am\u025brika","AS":"Am\u025brika Samoa","VI":"Am\u025brika Virgin Islands","KR":"Anaafo Koria","AD":"Andora","AO":"Angola","AI":"Anguila","AQ":"Antarctica","AG":"Antigua ne Baabuda","AW":"Aruba","AZ":"Azebaegyan","BB":"Baabados","BS":"Bahama","BD":"Banglad\u025bhye","BH":"Baren","BZ":"Beliz","BY":"B\u025blarus","BE":"B\u025blgyium","BM":"B\u025bmuda","BJ":"B\u025bnin","BO":"Bolivia","BA":"Bosnia ne H\u025bzegovina","BV":"Bouvet Island","BF":"B\u0254kina Faso","BG":"B\u0254lgeria","BW":"B\u0254tswana","BR":"Brazil","VG":"Britainfo Virgin Islands","IO":"Britenfo H\u0254n Man W\u0254 India Po No Mu","BN":"Brunae","BI":"Burundi","BT":"Butan","BQ":"Caribbean Netherlands","CX":"Christmas Island","CC":"Cocos (Keeling) Islands","CW":"Cura\u00e7ao","DK":"D\u025bnmak","DM":"D\u0254meneka","DO":"D\u0254meneka Kurok\u025bse","KP":"Etifi Koria","SV":"\u0190l Salvad\u0254","ER":"\u0190ritrea","EE":"\u0190stonia","FO":"Faroe Islands","FJ":"Figyi","FI":"Finland","FK":"F\u0254lkman Aeland","TF":"French Southern Territories","GF":"Fr\u025bnkye Gayana","PF":"Fr\u025bnkye P\u0254lenehyia","FR":"Fr\u025bnkyeman","GH":"Gaana","GA":"Gab\u0254n","GM":"Gambia","GY":"Gayana","GN":"Gini","GW":"Gini Bisaw","GQ":"Gini Ikuweta","GR":"Greekman","GL":"Greenman","GD":"Grenada","GU":"Guam","GG":"Guernsey","GP":"Guwadelup","GT":"Guwatemala","DE":"Gyaaman","JM":"Gyameka","JP":"Gyapan","GI":"Gyebralta","DJ":"Gyibuti","JO":"Gy\u0254dan","GE":"Gy\u0254gyea","HU":"Hangari","HM":"Heard & McDonald Islands","HT":"Heiti","HK":"Hong Kong SAR China","HN":"H\u0254nduras","EC":"Ikuwad\u0254","IN":"India","ID":"Ind\u0254nehyia","IQ":"Irak","IR":"Iran","IM":"Isle of Man","IL":"Israel","IT":"Itali","ET":"Ithiopia","JE":"Jersey","NC":"Kaledonia Foforo","KH":"Kambodia","CM":"Kam\u025brun","CA":"Kanada","QA":"Kata","KZ":"Kazakstan","KY":"Kemanfo Islands","CV":"Kepv\u025bdfo Islands","KG":"K\u025b\u025bgestan","KE":"K\u025bnya","KI":"Kiribati","CO":"Kolombia","CG":"Kongo","CD":"Kongo (Zair)","CK":"Kook Nsup\u0254w","KM":"K\u0254m\u0254r\u0254s","CR":"K\u0254sta Rika","HR":"Krowehyia","CU":"Kuba","KW":"Kuwete","TD":"Kyad","CN":"Kyaena","CZ":"Ky\u025bk Kurok\u025bse","CL":"Kyili","CI":"La C\u00f4te d\u2019Ivoire","LR":"Laeberia","LU":"Laksemb\u025bg","LA":"Laos","LV":"Latvia","LI":"Lektenstaen","LB":"L\u025bban\u0254n","LS":"L\u025bsutu","LY":"Libya","LT":"Lituwenia","MO":"Macao SAR China","MG":"Madagaska","FM":"Maekronehyia","MW":"Malawi","MV":"Maldives","MY":"Malehyia","ML":"Mali","MS":"Mantserat","MH":"Marshall Islands","MQ":"Matinik","YT":"May\u0254te","MX":"M\u025bksiko","MM":"Miyanma","ME":"Montenegro","MA":"Moroko","MZ":"Mozambik","MD":"M\u0254ldova","MT":"M\u0254lta","MC":"M\u0254nako","MN":"M\u0254ngolia","MU":"M\u0254rehye\u0254s","MR":"M\u0254retenia","NG":"Naegyeria","NA":"Namibia","NR":"Naworu","NI":"Nekaraguwa","NL":"N\u025bd\u025bland","NP":"N\u025bp\u0254l","NE":"Nigy\u025b","EG":"Nisrim","NU":"Niyu","MK":"North Macedonia","MP":"Northern Mariana Islands","NF":"N\u0254folk Aeland","NO":"N\u0254\u0254we","OM":"Oman","DZ":"\u0186lgyeria","AU":"\u0186strelia","AT":"\u0186stria","PK":"Pakistan","PW":"Palau","PS":"Palestaen West Bank ne Gaza","PA":"Panama","PG":"Papua Guinea Foforo","PY":"Paraguay","PE":"Peru","PH":"Philippines","PN":"Pitcairn","PL":"Poland","PT":"P\u0254tugal","PR":"Pu\u025bto Riko","RE":"Reyuni\u0254n","RO":"Romenia","RU":"R\u0254hyea","RW":"Rwanda","CY":"Saepr\u0254s","SH":"Saint Helena","KN":"Saint Kitts ne N\u025bves","LC":"Saint Lucia","PM":"Saint Pierre ne Miquelon","VC":"Saint Vincent ne Grenadines","WS":"Samoa","SM":"San Marino","ST":"S\u00e3o Tom\u00e9 and Pr\u00edncipe","SA":"Saudi Arabia","SN":"Senegal","RS":"Serbia","SC":"Seyhy\u025bl","SL":"Sierra Leone","SG":"Singap\u0254","SX":"Sint Maarten","SY":"Siria","SK":"Slovakia","SI":"Slovinia","SB":"Solomon Islands","SO":"Somalia","GS":"South Georgia & South Sandwich Islands","SS":"South Sudan","ES":"Spain","LK":"Sri Lanka","BL":"St. Barth\u00e9lemy","MF":"St. Martin","SD":"Sudan","SR":"Suriname","SJ":"Svalbard & Jan Mayen","SZ":"Swaziland","SE":"Sweden","CH":"Swetzaland","TH":"Taeland","TW":"Taiwan","TJ":"Tajikistan","TZ":"Tanzania","TR":"T\u025b\u025bki","TM":"T\u025bkm\u025bnistan","TL":"Tim\u0254 Boka","TG":"Togo","TK":"Tokelau","TO":"Tonga","TT":"Trinidad ne Tobago","TN":"Tunihyia","TC":"Turks ne Caicos Islands","TV":"Tuvalu","UM":"U.S. Outlying Islands","UG":"Uganda","UA":"Ukren","AE":"United Arab Emirates","UZ":"Uzb\u025bkistan","VU":"Vanuatu","VA":"Vatican Man","VE":"Venezuela","VN":"Vi\u025btnam","WF":"Wallis ne Futuna","EH":"Western Sahara","YE":"Y\u025bmen","UY":"Yurugwae","ZM":"Zambia","ZW":"Zembabwe","NZ":"Ziland Foforo"}