<?xml version="1.0" encoding="utf-8"?>
<values><item><id>AF</id><![CDATA[Afganistan]]><value/></item><item><id>AX</id><![CDATA[Ålandeilande]]><value/></item><item><id>AL</id><![CDATA[Albanië]]><value/></item><item><id>DZ</id><![CDATA[Algerië]]><value/></item><item><id>AS</id><![CDATA[Amerikaanse Samoa]]><value/></item><item><id>AD</id><![CDATA[Andorra]]><value/></item><item><id>AO</id><![CDATA[Angola]]><value/></item><item><id>AI</id><![CDATA[Anguilla]]><value/></item><item><id>AQ</id><![CDATA[Antarktika]]><value/></item><item><id>AG</id><![CDATA[Antigua en Barbuda]]><value/></item><item><id>AR</id><![CDATA[Argentinië]]><value/></item><item><id>AM</id><![CDATA[Armenië]]><value/></item><item><id>AW</id><![CDATA[Aruba]]><value/></item><item><id>AU</id><![CDATA[Australië]]><value/></item><item><id>AZ</id><![CDATA[Azerbeidjan]]><value/></item><item><id>BS</id><![CDATA[Bahamas]]><value/></item><item><id>BH</id><![CDATA[Bahrein]]><value/></item><item><id>BD</id><![CDATA[Bangladesj]]><value/></item><item><id>BB</id><![CDATA[Barbados]]><value/></item><item><id>BY</id><![CDATA[Belarus]]><value/></item><item><id>BE</id><![CDATA[België]]><value/></item><item><id>BZ</id><![CDATA[Belize]]><value/></item><item><id>BJ</id><![CDATA[Benin]]><value/></item><item><id>BM</id><![CDATA[Bermuda]]><value/></item><item><id>BT</id><![CDATA[Bhoetan]]><value/></item><item><id>BO</id><![CDATA[Bolivië]]><value/></item><item><id>BA</id><![CDATA[Bosnië en Herzegowina]]><value/></item><item><id>BW</id><![CDATA[Botswana]]><value/></item><item><id>BV</id><![CDATA[Bouvet-eiland]]><value/></item><item><id>BR</id><![CDATA[Brasilië]]><value/></item><item><id>IO</id><![CDATA[Brits-Indiese Oseaangebied]]><value/></item><item><id>VG</id><![CDATA[Britse Maagde-eilande]]><value/></item><item><id>BN</id><![CDATA[Broenei]]><value/></item><item><id>BG</id><![CDATA[Bulgarye]]><value/></item><item><id>BF</id><![CDATA[Burkina Faso]]><value/></item><item><id>BI</id><![CDATA[Burundi]]><value/></item><item><id>CL</id><![CDATA[Chili]]><value/></item><item><id>CO</id><![CDATA[Colombië]]><value/></item><item><id>KM</id><![CDATA[Comore]]><value/></item><item><id>CK</id><![CDATA[Cookeilande]]><value/></item><item><id>CR</id><![CDATA[Costa Rica]]><value/></item><item><id>CW</id><![CDATA[Curaçao]]><value/></item><item><id>CD</id><![CDATA[Demokratiese Republiek van die Kongo]]><value/></item><item><id>DK</id><![CDATA[Denemarke]]><value/></item><item><id>DJ</id><![CDATA[Djiboeti]]><value/></item><item><id>DM</id><![CDATA[Dominica]]><value/></item><item><id>DO</id><![CDATA[Dominikaanse Republiek]]><value/></item><item><id>DE</id><![CDATA[Duitsland]]><value/></item><item><id>EC</id><![CDATA[Ecuador]]><value/></item><item><id>EG</id><![CDATA[Egipte]]><value/></item><item><id>IM</id><![CDATA[Eiland Man]]><value/></item><item><id>GQ</id><![CDATA[Ekwatoriaal-Guinee]]><value/></item><item><id>SV</id><![CDATA[El Salvador]]><value/></item><item><id>ER</id><![CDATA[Eritrea]]><value/></item><item><id>EE</id><![CDATA[Estland]]><value/></item><item><id>SZ</id><![CDATA[Eswatini]]><value/></item><item><id>ET</id><![CDATA[Ethiopië]]><value/></item><item><id>FK</id><![CDATA[Falklandeilande]]><value/></item><item><id>FO</id><![CDATA[Faroëreilande]]><value/></item><item><id>FJ</id><![CDATA[Fidji]]><value/></item><item><id>PH</id><![CDATA[Filippyne]]><value/></item><item><id>FI</id><![CDATA[Finland]]><value/></item><item><id>FR</id><![CDATA[Frankryk]]><value/></item><item><id>GF</id><![CDATA[Frans-Guyana]]><value/></item><item><id>PF</id><![CDATA[Frans-Polinesië]]><value/></item><item><id>TF</id><![CDATA[Franse Suidelike Gebiede]]><value/></item><item><id>GA</id><![CDATA[Gaboen]]><value/></item><item><id>GM</id><![CDATA[Gambië]]><value/></item><item><id>GE</id><![CDATA[Georgië]]><value/></item><item><id>GH</id><![CDATA[Ghana]]><value/></item><item><id>GI</id><![CDATA[Gibraltar]]><value/></item><item><id>GD</id><![CDATA[Grenada]]><value/></item><item><id>GR</id><![CDATA[Griekeland]]><value/></item><item><id>GL</id><![CDATA[Groenland]]><value/></item><item><id>GP</id><![CDATA[Guadeloupe]]><value/></item><item><id>GU</id><![CDATA[Guam]]><value/></item><item><id>GT</id><![CDATA[Guatemala]]><value/></item><item><id>GG</id><![CDATA[Guernsey]]><value/></item><item><id>GN</id><![CDATA[Guinee]]><value/></item><item><id>GW</id><![CDATA[Guinee-Bissau]]><value/></item><item><id>GY</id><![CDATA[Guyana]]><value/></item><item><id>HT</id><![CDATA[Haïti]]><value/></item><item><id>HM</id><![CDATA[Heardeiland en McDonaldeilande]]><value/></item><item><id>HN</id><![CDATA[Honduras]]><value/></item><item><id>HU</id><![CDATA[Hongarye]]><value/></item><item><id>HK</id><![CDATA[Hongkong SAS Sjina]]><value/></item><item><id>IE</id><![CDATA[Ierland]]><value/></item><item><id>IN</id><![CDATA[Indië]]><value/></item><item><id>ID</id><![CDATA[Indonesië]]><value/></item><item><id>IQ</id><![CDATA[Irak]]><value/></item><item><id>IR</id><![CDATA[Iran]]><value/></item><item><id>IL</id><![CDATA[Israel]]><value/></item><item><id>IT</id><![CDATA[Italië]]><value/></item><item><id>CI</id><![CDATA[Ivoorkus]]><value/></item><item><id>JM</id><![CDATA[Jamaika]]><value/></item><item><id>JP</id><![CDATA[Japan]]><value/></item><item><id>YE</id><![CDATA[Jemen]]><value/></item><item><id>JE</id><![CDATA[Jersey]]><value/></item><item><id>JO</id><![CDATA[Jordanië]]><value/></item><item><id>KY</id><![CDATA[Kaaimanseilande]]><value/></item><item><id>CV</id><![CDATA[Kaap Verde]]><value/></item><item><id>KH</id><![CDATA[Kambodja]]><value/></item><item><id>CM</id><![CDATA[Kameroen]]><value/></item><item><id>CA</id><![CDATA[Kanada]]><value/></item><item><id>BQ</id><![CDATA[Karibiese Nederland]]><value/></item><item><id>QA</id><![CDATA[Katar]]><value/></item><item><id>KZ</id><![CDATA[Kazakstan]]><value/></item><item><id>KE</id><![CDATA[Kenia]]><value/></item><item><id>CX</id><![CDATA[Kerseiland]]><value/></item><item><id>KG</id><![CDATA[Kirgistan]]><value/></item><item><id>KI</id><![CDATA[Kiribati]]><value/></item><item><id>UM</id><![CDATA[Klein afgeleë eilande van die VSA]]><value/></item><item><id>KW</id><![CDATA[Koeweit]]><value/></item><item><id>CC</id><![CDATA[Kokoseilande]]><value/></item><item><id>CG</id><![CDATA[Kongo - Brazzaville]]><value/></item><item><id>HR</id><![CDATA[Kroasië]]><value/></item><item><id>CU</id><![CDATA[Kuba]]><value/></item><item><id>LA</id><![CDATA[Laos]]><value/></item><item><id>LS</id><![CDATA[Lesotho]]><value/></item><item><id>LV</id><![CDATA[Letland]]><value/></item><item><id>LB</id><![CDATA[Libanon]]><value/></item><item><id>LR</id><![CDATA[Liberië]]><value/></item><item><id>LY</id><![CDATA[Libië]]><value/></item><item><id>LI</id><![CDATA[Liechtenstein]]><value/></item><item><id>LT</id><![CDATA[Litaue]]><value/></item><item><id>LU</id><![CDATA[Luxemburg]]><value/></item><item><id>MO</id><![CDATA[Macau SAS Sjina]]><value/></item><item><id>MG</id><![CDATA[Madagaskar]]><value/></item><item><id>MW</id><![CDATA[Malawi]]><value/></item><item><id>MV</id><![CDATA[Maledive]]><value/></item><item><id>MY</id><![CDATA[Maleisië]]><value/></item><item><id>ML</id><![CDATA[Mali]]><value/></item><item><id>MT</id><![CDATA[Malta]]><value/></item><item><id>MA</id><![CDATA[Marokko]]><value/></item><item><id>MH</id><![CDATA[Marshalleilande]]><value/></item><item><id>MQ</id><![CDATA[Martinique]]><value/></item><item><id>MR</id><![CDATA[Mauritanië]]><value/></item><item><id>MU</id><![CDATA[Mauritius]]><value/></item><item><id>YT</id><![CDATA[Mayotte]]><value/></item><item><id>MX</id><![CDATA[Meksiko]]><value/></item><item><id>MM</id><![CDATA[Mianmar (Birma)]]><value/></item><item><id>FM</id><![CDATA[Mikronesië]]><value/></item><item><id>MD</id><![CDATA[Moldowa]]><value/></item><item><id>MC</id><![CDATA[Monaco]]><value/></item><item><id>MN</id><![CDATA[Mongolië]]><value/></item><item><id>ME</id><![CDATA[Montenegro]]><value/></item><item><id>MS</id><![CDATA[Montserrat]]><value/></item><item><id>MZ</id><![CDATA[Mosambiek]]><value/></item><item><id>NA</id><![CDATA[Namibië]]><value/></item><item><id>NR</id><![CDATA[Nauru]]><value/></item><item><id>NL</id><![CDATA[Nederland]]><value/></item><item><id>NP</id><![CDATA[Nepal]]><value/></item><item><id>NI</id><![CDATA[Nicaragua]]><value/></item><item><id>NC</id><![CDATA[Nieu-Kaledonië]]><value/></item><item><id>NZ</id><![CDATA[Nieu-Seeland]]><value/></item><item><id>NE</id><![CDATA[Niger]]><value/></item><item><id>NG</id><![CDATA[Nigerië]]><value/></item><item><id>NU</id><![CDATA[Niue]]><value/></item><item><id>KP</id><![CDATA[Noord-Korea]]><value/></item><item><id>MK</id><![CDATA[Noord-Macedonië]]><value/></item><item><id>MP</id><![CDATA[Noord-Mariane-eilande]]><value/></item><item><id>NO</id><![CDATA[Noorweë]]><value/></item><item><id>NF</id><![CDATA[Norfolkeiland]]><value/></item><item><id>UA</id><![CDATA[Oekraïne]]><value/></item><item><id>UZ</id><![CDATA[Oesbekistan]]><value/></item><item><id>OM</id><![CDATA[Oman]]><value/></item><item><id>TL</id><![CDATA[Oos-Timor]]><value/></item><item><id>AT</id><![CDATA[Oostenryk]]><value/></item><item><id>PK</id><![CDATA[Pakistan]]><value/></item><item><id>PW</id><![CDATA[Palau]]><value/></item><item><id>PS</id><![CDATA[Palestynse gebiede]]><value/></item><item><id>PA</id><![CDATA[Panama]]><value/></item><item><id>PG</id><![CDATA[Papoea-Nieu-Guinee]]><value/></item><item><id>PY</id><![CDATA[Paraguay]]><value/></item><item><id>PE</id><![CDATA[Peru]]><value/></item><item><id>PN</id><![CDATA[Pitcairneilande]]><value/></item><item><id>PL</id><![CDATA[Pole]]><value/></item><item><id>PT</id><![CDATA[Portugal]]><value/></item><item><id>PR</id><![CDATA[Puerto Rico]]><value/></item><item><id>RE</id><![CDATA[Réunion]]><value/></item><item><id>RO</id><![CDATA[Roemenië]]><value/></item><item><id>RU</id><![CDATA[Rusland]]><value/></item><item><id>RW</id><![CDATA[Rwanda]]><value/></item><item><id>SB</id><![CDATA[Salomonseilande]]><value/></item><item><id>WS</id><![CDATA[Samoa]]><value/></item><item><id>SM</id><![CDATA[San Marino]]><value/></item><item><id>ST</id><![CDATA[São Tomé en Príncipe]]><value/></item><item><id>SA</id><![CDATA[Saoedi-Arabië]]><value/></item><item><id>SN</id><![CDATA[Senegal]]><value/></item><item><id>CF</id><![CDATA[Sentraal-Afrikaanse Republiek]]><value/></item><item><id>RS</id><![CDATA[Serwië]]><value/></item><item><id>SC</id><![CDATA[Seychelle]]><value/></item><item><id>SL</id><![CDATA[Sierra Leone]]><value/></item><item><id>SG</id><![CDATA[Singapoer]]><value/></item><item><id>BL</id><![CDATA[Sint Barthélemy]]><value/></item><item><id>SH</id><![CDATA[Sint Helena]]><value/></item><item><id>KN</id><![CDATA[Sint Kitts en Nevis]]><value/></item><item><id>LC</id><![CDATA[Sint Lucia]]><value/></item><item><id>SX</id><![CDATA[Sint Maarten]]><value/></item><item><id>MF</id><![CDATA[Sint Martin]]><value/></item><item><id>PM</id><![CDATA[Sint Pierre en Miquelon]]><value/></item><item><id>VC</id><![CDATA[Sint Vincent en die Grenadine]]><value/></item><item><id>CY</id><![CDATA[Siprus]]><value/></item><item><id>SY</id><![CDATA[Sirië]]><value/></item><item><id>CN</id><![CDATA[Sjina]]><value/></item><item><id>SK</id><![CDATA[Slowakye]]><value/></item><item><id>SI</id><![CDATA[Slowenië]]><value/></item><item><id>SD</id><![CDATA[Soedan]]><value/></item><item><id>SO</id><![CDATA[Somalië]]><value/></item><item><id>ES</id><![CDATA[Spanje]]><value/></item><item><id>LK</id><![CDATA[Sri Lanka]]><value/></item><item><id>ZA</id><![CDATA[Suid-Afrika]]><value/></item><item><id>GS</id><![CDATA[Suid-Georgië en die Suidelike Sandwicheilande]]><value/></item><item><id>KR</id><![CDATA[Suid-Korea]]><value/></item><item><id>SS</id><![CDATA[Suid-Soedan]]><value/></item><item><id>SR</id><![CDATA[Suriname]]><value/></item><item><id>SJ</id><![CDATA[Svalbard en Jan Mayen]]><value/></item><item><id>SE</id><![CDATA[Swede]]><value/></item><item><id>CH</id><![CDATA[Switserland]]><value/></item><item><id>TJ</id><![CDATA[Tadjikistan]]><value/></item><item><id>TW</id><![CDATA[Taiwan]]><value/></item><item><id>TZ</id><![CDATA[Tanzanië]]><value/></item><item><id>TH</id><![CDATA[Thailand]]><value/></item><item><id>TG</id><![CDATA[Togo]]><value/></item><item><id>TK</id><![CDATA[Tokelau]]><value/></item><item><id>TO</id><![CDATA[Tonga]]><value/></item><item><id>TT</id><![CDATA[Trinidad en Tobago]]><value/></item><item><id>TD</id><![CDATA[Tsjad]]><value/></item><item><id>CZ</id><![CDATA[Tsjeggië]]><value/></item><item><id>TN</id><![CDATA[Tunisië]]><value/></item><item><id>TM</id><![CDATA[Turkmenistan]]><value/></item><item><id>TC</id><![CDATA[Turks- en Caicoseilande]]><value/></item><item><id>TR</id><![CDATA[Turkye]]><value/></item><item><id>TV</id><![CDATA[Tuvalu]]><value/></item><item><id>UG</id><![CDATA[Uganda]]><value/></item><item><id>UY</id><![CDATA[Uruguay]]><value/></item><item><id>VU</id><![CDATA[Vanuatu]]><value/></item><item><id>VA</id><![CDATA[Vatikaanstad]]><value/></item><item><id>VE</id><![CDATA[Venezuela]]><value/></item><item><id>AE</id><![CDATA[Verenigde Arabiese Emirate]]><value/></item><item><id>GB</id><![CDATA[Verenigde Koninkryk]]><value/></item><item><id>US</id><![CDATA[Verenigde State van Amerika]]><value/></item><item><id>VN</id><![CDATA[Viëtnam]]><value/></item><item><id>VI</id><![CDATA[VSA se Maagde-eilande]]><value/></item><item><id>WF</id><![CDATA[Wallis en Futuna]]><value/></item><item><id>EH</id><![CDATA[Wes-Sahara]]><value/></item><item><id>IS</id><![CDATA[Ysland]]><value/></item><item><id>ZM</id><![CDATA[Zambië]]><value/></item><item><id>ZW</id><![CDATA[Zimbabwe]]><value/></item></values>
