{"AF":"Afganistan","AX":"\u00c5landeilande","AL":"Albani\u00eb","DZ":"Algeri\u00eb","AS":"Amerikaanse Samoa","AD":"Andorra","AO":"Angola","AI":"Anguilla","AQ":"Antarktika","AG":"Antigua en Barbuda","AR":"Argentini\u00eb","AM":"Armeni\u00eb","AW":"Aruba","AU":"Australi\u00eb","AZ":"Azerbeidjan","BS":"Bahamas","BH":"Bahrein","BD":"Bangladesj","BB":"Barbados","BY":"Belarus","BE":"Belgi\u00eb","BZ":"Belize","BJ":"Benin","BM":"Bermuda","BT":"Bhoetan","BO":"Bolivi\u00eb","BA":"Bosni\u00eb en Herzegowina","BW":"Botswana","BV":"Bouvet-eiland","BR":"Brasili\u00eb","IO":"Brits-Indiese Oseaangebied","VG":"Britse Maagde-eilande","BN":"Broenei","BG":"Bulgarye","BF":"Burkina Faso","BI":"Burundi","CL":"Chili","CO":"Colombi\u00eb","KM":"Comore","CK":"Cookeilande","CR":"Costa Rica","CW":"Cura\u00e7ao","CD":"Demokratiese Republiek van die Kongo","DK":"Denemarke","DJ":"Djiboeti","DM":"Dominica","DO":"Dominikaanse Republiek","DE":"Duitsland","EC":"Ecuador","EG":"Egipte","IM":"Eiland Man","GQ":"Ekwatoriaal-Guinee","SV":"El Salvador","ER":"Eritrea","EE":"Estland","SZ":"Eswatini","ET":"Ethiopi\u00eb","FK":"Falklandeilande","FO":"Faro\u00ebreilande","FJ":"Fidji","PH":"Filippyne","FI":"Finland","FR":"Frankryk","GF":"Frans-Guyana","PF":"Frans-Polinesi\u00eb","TF":"Franse Suidelike Gebiede","GA":"Gaboen","GM":"Gambi\u00eb","GE":"Georgi\u00eb","GH":"Ghana","GI":"Gibraltar","GD":"Grenada","GR":"Griekeland","GL":"Groenland","GP":"Guadeloupe","GU":"Guam","GT":"Guatemala","GG":"Guernsey","GN":"Guinee","GW":"Guinee-Bissau","GY":"Guyana","HT":"Ha\u00efti","HM":"Heardeiland en McDonaldeilande","HN":"Honduras","HU":"Hongarye","HK":"Hongkong SAS Sjina","IE":"Ierland","IN":"Indi\u00eb","ID":"Indonesi\u00eb","IQ":"Irak","IR":"Iran","IL":"Israel","IT":"Itali\u00eb","CI":"Ivoorkus","JM":"Jamaika","JP":"Japan","YE":"Jemen","JE":"Jersey","JO":"Jordani\u00eb","KY":"Kaaimanseilande","CV":"Kaap Verde","KH":"Kambodja","CM":"Kameroen","CA":"Kanada","BQ":"Karibiese Nederland","QA":"Katar","KZ":"Kazakstan","KE":"Kenia","CX":"Kerseiland","KG":"Kirgistan","KI":"Kiribati","UM":"Klein afgele\u00eb eilande van die VSA","KW":"Koeweit","CC":"Kokoseilande","CG":"Kongo - Brazzaville","HR":"Kroasi\u00eb","CU":"Kuba","LA":"Laos","LS":"Lesotho","LV":"Letland","LB":"Libanon","LR":"Liberi\u00eb","LY":"Libi\u00eb","LI":"Liechtenstein","LT":"Litaue","LU":"Luxemburg","MO":"Macau SAS Sjina","MG":"Madagaskar","MW":"Malawi","MV":"Maledive","MY":"Maleisi\u00eb","ML":"Mali","MT":"Malta","MA":"Marokko","MH":"Marshalleilande","MQ":"Martinique","MR":"Mauritani\u00eb","MU":"Mauritius","YT":"Mayotte","MX":"Meksiko","MM":"Mianmar (Birma)","FM":"Mikronesi\u00eb","MD":"Moldowa","MC":"Monaco","MN":"Mongoli\u00eb","ME":"Montenegro","MS":"Montserrat","MZ":"Mosambiek","NA":"Namibi\u00eb","NR":"Nauru","NL":"Nederland","NP":"Nepal","NI":"Nicaragua","NC":"Nieu-Kaledoni\u00eb","NZ":"Nieu-Seeland","NE":"Niger","NG":"Nigeri\u00eb","NU":"Niue","KP":"Noord-Korea","MK":"Noord-Macedoni\u00eb","MP":"Noord-Mariane-eilande","NO":"Noorwe\u00eb","NF":"Norfolkeiland","UA":"Oekra\u00efne","UZ":"Oesbekistan","OM":"Oman","TL":"Oos-Timor","AT":"Oostenryk","PK":"Pakistan","PW":"Palau","PS":"Palestynse gebiede","PA":"Panama","PG":"Papoea-Nieu-Guinee","PY":"Paraguay","PE":"Peru","PN":"Pitcairneilande","PL":"Pole","PT":"Portugal","PR":"Puerto Rico","RE":"R\u00e9union","RO":"Roemeni\u00eb","RU":"Rusland","RW":"Rwanda","SB":"Salomonseilande","WS":"Samoa","SM":"San Marino","ST":"S\u00e3o Tom\u00e9 en Pr\u00edncipe","SA":"Saoedi-Arabi\u00eb","SN":"Senegal","CF":"Sentraal-Afrikaanse Republiek","RS":"Serwi\u00eb","SC":"Seychelle","SL":"Sierra Leone","SG":"Singapoer","BL":"Sint Barth\u00e9lemy","SH":"Sint Helena","KN":"Sint Kitts en Nevis","LC":"Sint Lucia","SX":"Sint Maarten","MF":"Sint Martin","PM":"Sint Pierre en Miquelon","VC":"Sint Vincent en die Grenadine","CY":"Siprus","SY":"Siri\u00eb","CN":"Sjina","SK":"Slowakye","SI":"Sloweni\u00eb","SD":"Soedan","SO":"Somali\u00eb","ES":"Spanje","LK":"Sri Lanka","ZA":"Suid-Afrika","GS":"Suid-Georgi\u00eb en die Suidelike Sandwicheilande","KR":"Suid-Korea","SS":"Suid-Soedan","SR":"Suriname","SJ":"Svalbard en Jan Mayen","SE":"Swede","CH":"Switserland","TJ":"Tadjikistan","TW":"Taiwan","TZ":"Tanzani\u00eb","TH":"Thailand","TG":"Togo","TK":"Tokelau","TO":"Tonga","TT":"Trinidad en Tobago","TD":"Tsjad","CZ":"Tsjeggi\u00eb","TN":"Tunisi\u00eb","TM":"Turkmenistan","TC":"Turks- en Caicoseilande","TR":"Turkye","TV":"Tuvalu","UG":"Uganda","UY":"Uruguay","VU":"Vanuatu","VA":"Vatikaanstad","VE":"Venezuela","AE":"Verenigde Arabiese Emirate","GB":"Verenigde Koninkryk","US":"Verenigde State van Amerika","VN":"Vi\u00ebtnam","VI":"VSA se Maagde-eilande","WF":"Wallis en Futuna","EH":"Wes-Sahara","IS":"Ysland","ZM":"Zambi\u00eb","ZW":"Zimbabwe"}