<?xml version="1.0" encoding="utf-8"?>
<values><item><id>AE</id><![CDATA[Аб’яднаныя Арабскія Эміраты]]><value/></item><item><id>AZ</id><![CDATA[Азербайджан]]><value/></item><item><id>AX</id><![CDATA[Аландскія астравы]]><value/></item><item><id>AL</id><![CDATA[Албанія]]><value/></item><item><id>DZ</id><![CDATA[Алжыр]]><value/></item><item><id>OM</id><![CDATA[Аман]]><value/></item><item><id>AS</id><![CDATA[Амерыканскае Самоа]]><value/></item><item><id>VI</id><![CDATA[Амерыканскія Віргінскія астравы]]><value/></item><item><id>AI</id><![CDATA[Ангілья]]><value/></item><item><id>AO</id><![CDATA[Ангола]]><value/></item><item><id>AD</id><![CDATA[Андора]]><value/></item><item><id>AQ</id><![CDATA[Антарктыка]]><value/></item><item><id>AG</id><![CDATA[Антыгуа і Барбуда]]><value/></item><item><id>AR</id><![CDATA[Аргенціна]]><value/></item><item><id>AM</id><![CDATA[Арменія]]><value/></item><item><id>AW</id><![CDATA[Аруба]]><value/></item><item><id>CK</id><![CDATA[Астравы Кука]]><value/></item><item><id>PN</id><![CDATA[Астравы Піткэрн]]><value/></item><item><id>HM</id><![CDATA[Астравы Херд і Макдональд]]><value/></item><item><id>TC</id><![CDATA[Астравы Цёркс і Кайкас]]><value/></item><item><id>AU</id><![CDATA[Аўстралія]]><value/></item><item><id>AT</id><![CDATA[Аўстрыя]]><value/></item><item><id>AF</id><![CDATA[Афганістан]]><value/></item><item><id>BS</id><![CDATA[Багамскія астравы]]><value/></item><item><id>BG</id><![CDATA[Балгарыя]]><value/></item><item><id>BO</id><![CDATA[Балівія]]><value/></item><item><id>BD</id><![CDATA[Бангладэш]]><value/></item><item><id>BB</id><![CDATA[Барбадас]]><value/></item><item><id>BW</id><![CDATA[Батсвана]]><value/></item><item><id>BH</id><![CDATA[Бахрэйн]]><value/></item><item><id>BY</id><![CDATA[Беларусь]]><value/></item><item><id>BZ</id><![CDATA[Беліз]]><value/></item><item><id>BE</id><![CDATA[Бельгія]]><value/></item><item><id>BJ</id><![CDATA[Бенін]]><value/></item><item><id>BM</id><![CDATA[Бермудскія астравы]]><value/></item><item><id>BA</id><![CDATA[Боснія і Герцагавіна]]><value/></item><item><id>BR</id><![CDATA[Бразілія]]><value/></item><item><id>BN</id><![CDATA[Бруней]]><value/></item><item><id>IO</id><![CDATA[Брытанская тэрыторыя ў Індыйскім акіяне]]><value/></item><item><id>VG</id><![CDATA[Брытанскія Віргінскія астравы]]><value/></item><item><id>BF</id><![CDATA[Буркіна-Фасо]]><value/></item><item><id>BI</id><![CDATA[Бурундзі]]><value/></item><item><id>BT</id><![CDATA[Бутан]]><value/></item><item><id>VN</id><![CDATA[В’етнам]]><value/></item><item><id>VU</id><![CDATA[Вануату]]><value/></item><item><id>VA</id><![CDATA[Ватыкан]]><value/></item><item><id>HU</id><![CDATA[Венгрыя]]><value/></item><item><id>VE</id><![CDATA[Венесуэла]]><value/></item><item><id>BV</id><![CDATA[Востраў Бувэ]]><value/></item><item><id>CX</id><![CDATA[Востраў Каляд]]><value/></item><item><id>IM</id><![CDATA[Востраў Мэн]]><value/></item><item><id>NF</id><![CDATA[Востраў Норфалк]]><value/></item><item><id>SH</id><![CDATA[Востраў Святой Алены]]><value/></item><item><id>GB</id><![CDATA[Вялікабрытанія]]><value/></item><item><id>GA</id><![CDATA[Габон]]><value/></item><item><id>HT</id><![CDATA[Гаіці]]><value/></item><item><id>GM</id><![CDATA[Гамбія]]><value/></item><item><id>GH</id><![CDATA[Гана]]><value/></item><item><id>HN</id><![CDATA[Гандурас]]><value/></item><item><id>HK</id><![CDATA[Ганконг, САР (Кітай)]]><value/></item><item><id>GY</id><![CDATA[Гаяна]]><value/></item><item><id>GP</id><![CDATA[Гвадэлупа]]><value/></item><item><id>GT</id><![CDATA[Гватэмала]]><value/></item><item><id>GN</id><![CDATA[Гвінея]]><value/></item><item><id>GW</id><![CDATA[Гвінея-Бісау]]><value/></item><item><id>DE</id><![CDATA[Германія]]><value/></item><item><id>GG</id><![CDATA[Гернсі]]><value/></item><item><id>GI</id><![CDATA[Гібралтар]]><value/></item><item><id>GE</id><![CDATA[Грузія]]><value/></item><item><id>GD</id><![CDATA[Грэнада]]><value/></item><item><id>GL</id><![CDATA[Грэнландыя]]><value/></item><item><id>GR</id><![CDATA[Грэцыя]]><value/></item><item><id>GU</id><![CDATA[Гуам]]><value/></item><item><id>DM</id><![CDATA[Дамініка]]><value/></item><item><id>DO</id><![CDATA[Дамініканская Рэспубліка]]><value/></item><item><id>DK</id><![CDATA[Данія]]><value/></item><item><id>DJ</id><![CDATA[Джыбуці]]><value/></item><item><id>JE</id><![CDATA[Джэрсі]]><value/></item><item><id>EG</id><![CDATA[Егіпет]]><value/></item><item><id>YE</id><![CDATA[Емен]]><value/></item><item><id>ZM</id><![CDATA[Замбія]]><value/></item><item><id>EH</id><![CDATA[Заходняя Сахара]]><value/></item><item><id>ZW</id><![CDATA[Зімбабвэ]]><value/></item><item><id>US</id><![CDATA[Злучаныя Штаты]]><value/></item><item><id>JO</id><![CDATA[Іарданія]]><value/></item><item><id>IL</id><![CDATA[Ізраіль]]><value/></item><item><id>ID</id><![CDATA[Інданезія]]><value/></item><item><id>IN</id><![CDATA[Індыя]]><value/></item><item><id>IQ</id><![CDATA[Ірак]]><value/></item><item><id>IR</id><![CDATA[Іран]]><value/></item><item><id>IE</id><![CDATA[Ірландыя]]><value/></item><item><id>IS</id><![CDATA[Ісландыя]]><value/></item><item><id>ES</id><![CDATA[Іспанія]]><value/></item><item><id>IT</id><![CDATA[Італія]]><value/></item><item><id>CV</id><![CDATA[Каба-Вердэ]]><value/></item><item><id>KZ</id><![CDATA[Казахстан]]><value/></item><item><id>KY</id><![CDATA[Кайманавы астравы]]><value/></item><item><id>CC</id><![CDATA[Какосавыя (Кілінг) астравы]]><value/></item><item><id>CO</id><![CDATA[Калумбія]]><value/></item><item><id>KH</id><![CDATA[Камбоджа]]><value/></item><item><id>CM</id><![CDATA[Камерун]]><value/></item><item><id>KM</id><![CDATA[Каморскія астравы]]><value/></item><item><id>CA</id><![CDATA[Канада]]><value/></item><item><id>BQ</id><![CDATA[Карыбскія Нідэрланды]]><value/></item><item><id>QA</id><![CDATA[Катар]]><value/></item><item><id>KE</id><![CDATA[Кенія]]><value/></item><item><id>CY</id><![CDATA[Кіпр]]><value/></item><item><id>KI</id><![CDATA[Кірыбаці]]><value/></item><item><id>CN</id><![CDATA[Кітай]]><value/></item><item><id>CG</id><![CDATA[Конга - Бразавіль]]><value/></item><item><id>CD</id><![CDATA[Конга (Кіншаса)]]><value/></item><item><id>CR</id><![CDATA[Коста-Рыка]]><value/></item><item><id>CI</id><![CDATA[Кот-д’Івуар]]><value/></item><item><id>CU</id><![CDATA[Куба]]><value/></item><item><id>KW</id><![CDATA[Кувейт]]><value/></item><item><id>KG</id><![CDATA[Кыргызстан]]><value/></item><item><id>CW</id><![CDATA[Кюрасаа]]><value/></item><item><id>LA</id><![CDATA[Лаос]]><value/></item><item><id>LV</id><![CDATA[Латвія]]><value/></item><item><id>LS</id><![CDATA[Лесота]]><value/></item><item><id>LR</id><![CDATA[Ліберыя]]><value/></item><item><id>LB</id><![CDATA[Ліван]]><value/></item><item><id>LY</id><![CDATA[Лівія]]><value/></item><item><id>LT</id><![CDATA[Літва]]><value/></item><item><id>LI</id><![CDATA[Ліхтэнштэйн]]><value/></item><item><id>LU</id><![CDATA[Люксембург]]><value/></item><item><id>MM</id><![CDATA[М’янма (Бірма)]]><value/></item><item><id>MG</id><![CDATA[Мадагаскар]]><value/></item><item><id>YT</id><![CDATA[Маёта]]><value/></item><item><id>MZ</id><![CDATA[Мазамбік]]><value/></item><item><id>MO</id><![CDATA[Макаа, САР (Кітай)]]><value/></item><item><id>MW</id><![CDATA[Малаві]]><value/></item><item><id>MY</id><![CDATA[Малайзія]]><value/></item><item><id>MD</id><![CDATA[Малдова]]><value/></item><item><id>ML</id><![CDATA[Малі]]><value/></item><item><id>UM</id><![CDATA[Малыя Аддаленыя астравы ЗША]]><value/></item><item><id>MV</id><![CDATA[Мальдывы]]><value/></item><item><id>MT</id><![CDATA[Мальта]]><value/></item><item><id>MC</id><![CDATA[Манака]]><value/></item><item><id>MN</id><![CDATA[Манголія]]><value/></item><item><id>MS</id><![CDATA[Мантсерат]]><value/></item><item><id>MA</id><![CDATA[Марока]]><value/></item><item><id>MQ</id><![CDATA[Марцініка]]><value/></item><item><id>MH</id><![CDATA[Маршалавы астравы]]><value/></item><item><id>MU</id><![CDATA[Маўрыкій]]><value/></item><item><id>MR</id><![CDATA[Маўрытанія]]><value/></item><item><id>MX</id><![CDATA[Мексіка]]><value/></item><item><id>FM</id><![CDATA[Мікранезія]]><value/></item><item><id>NA</id><![CDATA[Намібія]]><value/></item><item><id>NO</id><![CDATA[Нарвегія]]><value/></item><item><id>NR</id><![CDATA[Науру]]><value/></item><item><id>NP</id><![CDATA[Непал]]><value/></item><item><id>NE</id><![CDATA[Нігер]]><value/></item><item><id>NG</id><![CDATA[Нігерыя]]><value/></item><item><id>NL</id><![CDATA[Нідэрланды]]><value/></item><item><id>NI</id><![CDATA[Нікарагуа]]><value/></item><item><id>NU</id><![CDATA[Ніуэ]]><value/></item><item><id>NZ</id><![CDATA[Новая Зеландыя]]><value/></item><item><id>NC</id><![CDATA[Новая Каледонія]]><value/></item><item><id>PK</id><![CDATA[Пакістан]]><value/></item><item><id>PW</id><![CDATA[Палау]]><value/></item><item><id>PS</id><![CDATA[Палесцінскія Тэрыторыі]]><value/></item><item><id>PA</id><![CDATA[Панама]]><value/></item><item><id>PG</id><![CDATA[Папуа-Новая Гвінея]]><value/></item><item><id>PY</id><![CDATA[Парагвай]]><value/></item><item><id>PT</id><![CDATA[Партугалія]]><value/></item><item><id>ZA</id><![CDATA[Паўднёва-Афрыканская Рэспубліка]]><value/></item><item><id>GS</id><![CDATA[Паўднёвая Георгія і Паўднёвыя Сандвічавы астравы]]><value/></item><item><id>KR</id><![CDATA[Паўднёвая Карэя]]><value/></item><item><id>SS</id><![CDATA[Паўднёвы Судан]]><value/></item><item><id>KP</id><![CDATA[Паўночная Карэя]]><value/></item><item><id>MK</id><![CDATA[Паўночная Македонія]]><value/></item><item><id>MP</id><![CDATA[Паўночныя Марыянскія астравы]]><value/></item><item><id>PE</id><![CDATA[Перу]]><value/></item><item><id>PL</id><![CDATA[Польшча]]><value/></item><item><id>PR</id><![CDATA[Пуэрта-Рыка]]><value/></item><item><id>RU</id><![CDATA[Расія]]><value/></item><item><id>RW</id><![CDATA[Руанда]]><value/></item><item><id>RO</id><![CDATA[Румынія]]><value/></item><item><id>RE</id><![CDATA[Рэюньён]]><value/></item><item><id>SB</id><![CDATA[Саламонавы астравы]]><value/></item><item><id>SV</id><![CDATA[Сальвадор]]><value/></item><item><id>SO</id><![CDATA[Самалі]]><value/></item><item><id>WS</id><![CDATA[Самоа]]><value/></item><item><id>SM</id><![CDATA[Сан-Марына]]><value/></item><item><id>ST</id><![CDATA[Сан-Тамэ і Прынсіпі]]><value/></item><item><id>SA</id><![CDATA[Саудаўская Аравія]]><value/></item><item><id>SC</id><![CDATA[Сейшэльскія астравы]]><value/></item><item><id>BL</id><![CDATA[Сен-Бартэльмі]]><value/></item><item><id>MF</id><![CDATA[Сен-Мартэн]]><value/></item><item><id>PM</id><![CDATA[Сен-П’ер і Мікелон]]><value/></item><item><id>SN</id><![CDATA[Сенегал]]><value/></item><item><id>VC</id><![CDATA[Сент-Вінсент і Грэнадзіны]]><value/></item><item><id>KN</id><![CDATA[Сент-Кітс і Невіс]]><value/></item><item><id>LC</id><![CDATA[Сент-Люсія]]><value/></item><item><id>RS</id><![CDATA[Сербія]]><value/></item><item><id>SG</id><![CDATA[Сінгапур]]><value/></item><item><id>SX</id><![CDATA[Сінт-Мартэн]]><value/></item><item><id>SY</id><![CDATA[Сірыя]]><value/></item><item><id>SK</id><![CDATA[Славакія]]><value/></item><item><id>SI</id><![CDATA[Славенія]]><value/></item><item><id>SD</id><![CDATA[Судан]]><value/></item><item><id>SR</id><![CDATA[Сурынам]]><value/></item><item><id>SL</id><![CDATA[Сьера-Леонэ]]><value/></item><item><id>TJ</id><![CDATA[Таджыкістан]]><value/></item><item><id>TW</id><![CDATA[Тайвань]]><value/></item><item><id>TH</id><![CDATA[Тайланд]]><value/></item><item><id>TK</id><![CDATA[Такелау]]><value/></item><item><id>TZ</id><![CDATA[Танзанія]]><value/></item><item><id>TG</id><![CDATA[Тога]]><value/></item><item><id>TO</id><![CDATA[Тонга]]><value/></item><item><id>TT</id><![CDATA[Трынідад і Табага]]><value/></item><item><id>TV</id><![CDATA[Тувалу]]><value/></item><item><id>TN</id><![CDATA[Туніс]]><value/></item><item><id>TM</id><![CDATA[Туркменістан]]><value/></item><item><id>TR</id><![CDATA[Турцыя]]><value/></item><item><id>TL</id><![CDATA[Тымор-Лешці]]><value/></item><item><id>UG</id><![CDATA[Уганда]]><value/></item><item><id>UZ</id><![CDATA[Узбекістан]]><value/></item><item><id>UA</id><![CDATA[Украіна]]><value/></item><item><id>WF</id><![CDATA[Уоліс і Футуна]]><value/></item><item><id>UY</id><![CDATA[Уругвай]]><value/></item><item><id>FK</id><![CDATA[Фалклендскія астравы]]><value/></item><item><id>FO</id><![CDATA[Фарэрскія астравы]]><value/></item><item><id>FJ</id><![CDATA[Фіджы]]><value/></item><item><id>PH</id><![CDATA[Філіпіны]]><value/></item><item><id>FI</id><![CDATA[Фінляндыя]]><value/></item><item><id>GF</id><![CDATA[Французская Гвіяна]]><value/></item><item><id>PF</id><![CDATA[Французская Палінезія]]><value/></item><item><id>TF</id><![CDATA[Французскія паўднёвыя тэрыторыі]]><value/></item><item><id>FR</id><![CDATA[Францыя]]><value/></item><item><id>HR</id><![CDATA[Харватыя]]><value/></item><item><id>CF</id><![CDATA[Цэнтральна-Афрыканская Рэспубліка]]><value/></item><item><id>TD</id><![CDATA[Чад]]><value/></item><item><id>ME</id><![CDATA[Чарнагорыя]]><value/></item><item><id>CL</id><![CDATA[Чылі]]><value/></item><item><id>CZ</id><![CDATA[Чэхія]]><value/></item><item><id>CH</id><![CDATA[Швейцарыя]]><value/></item><item><id>SE</id><![CDATA[Швецыя]]><value/></item><item><id>SJ</id><![CDATA[Шпіцберген і Ян-Маен]]><value/></item><item><id>LK</id><![CDATA[Шры-Ланка]]><value/></item><item><id>EC</id><![CDATA[Эквадор]]><value/></item><item><id>GQ</id><![CDATA[Экватарыяльная Гвінея]]><value/></item><item><id>ER</id><![CDATA[Эрытрэя]]><value/></item><item><id>SZ</id><![CDATA[Эсватыні]]><value/></item><item><id>EE</id><![CDATA[Эстонія]]><value/></item><item><id>ET</id><![CDATA[Эфіопія]]><value/></item><item><id>JM</id><![CDATA[Ямайка]]><value/></item><item><id>JP</id><![CDATA[Японія]]><value/></item></values>
