<?xml version="1.0" encoding="utf-8"?>
<values><item><id>PS</id><![CDATA[Fələstin Əraziləri]]><value/></item><item><id>BQ</id><![CDATA[Karib Niderlandı]]><value/></item><item><id>CI</id><![CDATA[Kотд’ивуар]]><value/></item><item><id>EH</id><![CDATA[Qərbi Saxara]]><value/></item><item><id>MK</id><![CDATA[Şimali Makedoniya]]><value/></item><item><id>VI</id><![CDATA[АБШ Вирҝин адалары]]><value/></item><item><id>UM</id><![CDATA[АБШ-а бағлы кичик адаҹыглар]]><value/></item><item><id>AU</id><![CDATA[Австралија]]><value/></item><item><id>AT</id><![CDATA[Австрија]]><value/></item><item><id>AZ</id><![CDATA[Азәрбајҹан]]><value/></item><item><id>AX</id><![CDATA[Аланд адалары]]><value/></item><item><id>AL</id><![CDATA[Албанија]]><value/></item><item><id>DE</id><![CDATA[Алманија]]><value/></item><item><id>US</id><![CDATA[Америка Бирләшмиш Штатлары]]><value/></item><item><id>AS</id><![CDATA[Америка Самоасы]]><value/></item><item><id>AO</id><![CDATA[Ангола]]><value/></item><item><id>AD</id><![CDATA[Андорра]]><value/></item><item><id>AI</id><![CDATA[Анҝилја]]><value/></item><item><id>AQ</id><![CDATA[Антарктика]]><value/></item><item><id>AG</id><![CDATA[Антигуа вә Барбуда]]><value/></item><item><id>AR</id><![CDATA[Арҝентина]]><value/></item><item><id>AW</id><![CDATA[Аруба]]><value/></item><item><id>DZ</id><![CDATA[Әлҹәзаир]]><value/></item><item><id>AF</id><![CDATA[Әфганыстан]]><value/></item><item><id>BD</id><![CDATA[Бангладеш]]><value/></item><item><id>BB</id><![CDATA[Барбадос]]><value/></item><item><id>BS</id><![CDATA[Баһам адалары]]><value/></item><item><id>BH</id><![CDATA[Бәһрејн]]><value/></item><item><id>BY</id><![CDATA[Беларус]]><value/></item><item><id>BZ</id><![CDATA[Белиз]]><value/></item><item><id>BE</id><![CDATA[Белчика]]><value/></item><item><id>BJ</id><![CDATA[Бенин]]><value/></item><item><id>BM</id><![CDATA[Бермуд адалары]]><value/></item><item><id>AE</id><![CDATA[Бирләшмиш Әрәб Әмирликләри]]><value/></item><item><id>GB</id><![CDATA[Бирләшмиш Краллыг]]><value/></item><item><id>BG</id><![CDATA[Болгарыстан]]><value/></item><item><id>BO</id><![CDATA[Боливија]]><value/></item><item><id>BA</id><![CDATA[Боснија вә Һерсеговина]]><value/></item><item><id>BW</id><![CDATA[Ботсвана]]><value/></item><item><id>BR</id><![CDATA[Бразилија]]><value/></item><item><id>VG</id><![CDATA[Британијанын Вирҝин адалары]]><value/></item><item><id>IO</id><![CDATA[Британтјанын Һинд Океаны Әразиси]]><value/></item><item><id>BN</id><![CDATA[Брунеј]]><value/></item><item><id>BV</id><![CDATA[Буве адасы]]><value/></item><item><id>BF</id><![CDATA[Буркина Фасо]]><value/></item><item><id>BI</id><![CDATA[Бурунди]]><value/></item><item><id>BT</id><![CDATA[Бутан]]><value/></item><item><id>VU</id><![CDATA[Вануату]]><value/></item><item><id>VA</id><![CDATA[Ватикан]]><value/></item><item><id>VE</id><![CDATA[Венесуела]]><value/></item><item><id>VN</id><![CDATA[Вјетнам]]><value/></item><item><id>GA</id><![CDATA[Габон]]><value/></item><item><id>KZ</id><![CDATA[Газахыстан]]><value/></item><item><id>GY</id><![CDATA[Гајана]]><value/></item><item><id>GM</id><![CDATA[Гамбија]]><value/></item><item><id>GH</id><![CDATA[Гана]]><value/></item><item><id>QA</id><![CDATA[Гәтәр]]><value/></item><item><id>GP</id><![CDATA[Гваделупа]]><value/></item><item><id>GT</id><![CDATA[Гватемала]]><value/></item><item><id>GN</id><![CDATA[Гвинеја]]><value/></item><item><id>GW</id><![CDATA[Гвинеја-Бисау]]><value/></item><item><id>GD</id><![CDATA[Гренада]]><value/></item><item><id>GL</id><![CDATA[Гренландија]]><value/></item><item><id>GU</id><![CDATA[Гуам]]><value/></item><item><id>KG</id><![CDATA[Гырғызыстан]]><value/></item><item><id>DK</id><![CDATA[Данимарка]]><value/></item><item><id>DM</id><![CDATA[Доминика]]><value/></item><item><id>DO</id><![CDATA[Доминикан Республикасы]]><value/></item><item><id>EC</id><![CDATA[Еквадор]]><value/></item><item><id>GQ</id><![CDATA[Екваториал Гвинеја]]><value/></item><item><id>ER</id><![CDATA[Еритреја]]><value/></item><item><id>AM</id><![CDATA[Ермәнистан]]><value/></item><item><id>EE</id><![CDATA[Естонија]]><value/></item><item><id>ET</id><![CDATA[Ефиопија]]><value/></item><item><id>ZM</id><![CDATA[Замбија]]><value/></item><item><id>ZW</id><![CDATA[Зимбабве]]><value/></item><item><id>ID</id><![CDATA[Индонезија]]><value/></item><item><id>JO</id><![CDATA[Иорданија]]><value/></item><item><id>IQ</id><![CDATA[Ираг]]><value/></item><item><id>IR</id><![CDATA[Иран]]><value/></item><item><id>IE</id><![CDATA[Ирландија]]><value/></item><item><id>SE</id><![CDATA[Исвеч]]><value/></item><item><id>CH</id><![CDATA[Исвечрә]]><value/></item><item><id>IS</id><![CDATA[Исландија]]><value/></item><item><id>ES</id><![CDATA[Испанија]]><value/></item><item><id>IL</id><![CDATA[Исраил]]><value/></item><item><id>IT</id><![CDATA[Италија]]><value/></item><item><id>JM</id><![CDATA[Јамајка]]><value/></item><item><id>JP</id><![CDATA[Јапонија]]><value/></item><item><id>YE</id><![CDATA[Јәмән]]><value/></item><item><id>NZ</id><![CDATA[Јени Зеландија]]><value/></item><item><id>NC</id><![CDATA[Јени Каледонија]]><value/></item><item><id>GR</id><![CDATA[Јунаныстан]]><value/></item><item><id>CV</id><![CDATA[Кабо-Верде]]><value/></item><item><id>KY</id><![CDATA[Кајман адалары]]><value/></item><item><id>KH</id><![CDATA[Камбоҹа]]><value/></item><item><id>CM</id><![CDATA[Камерун]]><value/></item><item><id>CA</id><![CDATA[Канада]]><value/></item><item><id>KE</id><![CDATA[Кенија]]><value/></item><item><id>CY</id><![CDATA[Кипр]]><value/></item><item><id>KI</id><![CDATA[Кирибати]]><value/></item><item><id>CC</id><![CDATA[Кокос (Килинг) адалары]]><value/></item><item><id>CO</id><![CDATA[Колумбија]]><value/></item><item><id>KM</id><![CDATA[Комор адалары]]><value/></item><item><id>CG</id><![CDATA[Конго-Браззавил]]><value/></item><item><id>CD</id><![CDATA[Конго-Киншаса]]><value/></item><item><id>CR</id><![CDATA[Коста Рика]]><value/></item><item><id>CU</id><![CDATA[Куба]]><value/></item><item><id>CK</id><![CDATA[Кук адалары]]><value/></item><item><id>CW</id><![CDATA[Курасао]]><value/></item><item><id>KW</id><![CDATA[Күвејт]]><value/></item><item><id>GG</id><![CDATA[Ҝернси]]><value/></item><item><id>GE</id><![CDATA[Ҝүрҹүстан]]><value/></item><item><id>LA</id><![CDATA[Лаос]]><value/></item><item><id>LV</id><![CDATA[Латвија]]><value/></item><item><id>LS</id><![CDATA[Лесото]]><value/></item><item><id>LR</id><![CDATA[Либерија]]><value/></item><item><id>LB</id><![CDATA[Ливан]]><value/></item><item><id>LY</id><![CDATA[Ливија]]><value/></item><item><id>LT</id><![CDATA[Литва]]><value/></item><item><id>LI</id><![CDATA[Лихтенштејн]]><value/></item><item><id>LU</id><![CDATA[Лүксембург]]><value/></item><item><id>MU</id><![CDATA[Маврики]]><value/></item><item><id>MR</id><![CDATA[Мавританија]]><value/></item><item><id>MG</id><![CDATA[Мадагаскар]]><value/></item><item><id>YT</id><![CDATA[Мајот]]><value/></item><item><id>MO</id><![CDATA[Макао Хүсуси Инзибати Әрази Чин]]><value/></item><item><id>MW</id><![CDATA[Малави]]><value/></item><item><id>MY</id><![CDATA[Малајзија]]><value/></item><item><id>MV</id><![CDATA[Малдив адалары]]><value/></item><item><id>ML</id><![CDATA[Мали]]><value/></item><item><id>MT</id><![CDATA[Малта]]><value/></item><item><id>MQ</id><![CDATA[Мартиник]]><value/></item><item><id>MH</id><![CDATA[Маршал адалары]]><value/></item><item><id>HU</id><![CDATA[Маҹарыстан]]><value/></item><item><id>MA</id><![CDATA[Мәракеш]]><value/></item><item><id>CF</id><![CDATA[Мәркәзи Африка Республикасы]]><value/></item><item><id>MX</id><![CDATA[Мексика]]><value/></item><item><id>IM</id><![CDATA[Мен адасы]]><value/></item><item><id>FM</id><![CDATA[Микронезија]]><value/></item><item><id>CX</id><![CDATA[Милад адасы]]><value/></item><item><id>EG</id><![CDATA[Мисир]]><value/></item><item><id>MM</id><![CDATA[Мјанма]]><value/></item><item><id>MZ</id><![CDATA[Мозамбик]]><value/></item><item><id>MD</id><![CDATA[Молдова]]><value/></item><item><id>MC</id><![CDATA[Монако]]><value/></item><item><id>MN</id><![CDATA[Монголустан]]><value/></item><item><id>MS</id><![CDATA[Монсерат]]><value/></item><item><id>ME</id><![CDATA[Монтенегро]]><value/></item><item><id>SH</id><![CDATA[Мүгәддәс Јелена]]><value/></item><item><id>PM</id><![CDATA[Мүгәддәс Пјер вә Микелон]]><value/></item><item><id>NA</id><![CDATA[Намибија]]><value/></item><item><id>NR</id><![CDATA[Науру]]><value/></item><item><id>NP</id><![CDATA[Непал]]><value/></item><item><id>NL</id><![CDATA[Нидерланд]]><value/></item><item><id>NI</id><![CDATA[Никарагуа]]><value/></item><item><id>NE</id><![CDATA[Ниҝер]]><value/></item><item><id>NG</id><![CDATA[Ниҝерија]]><value/></item><item><id>NU</id><![CDATA[Ниуе]]><value/></item><item><id>NO</id><![CDATA[Норвеч]]><value/></item><item><id>NF</id><![CDATA[Норфолк адасы]]><value/></item><item><id>OM</id><![CDATA[Оман]]><value/></item><item><id>UZ</id><![CDATA[Өзбәкистан]]><value/></item><item><id>PK</id><![CDATA[Пакистан]]><value/></item><item><id>PW</id><![CDATA[Палау]]><value/></item><item><id>PA</id><![CDATA[Панама]]><value/></item><item><id>PG</id><![CDATA[Папуа-Јени Гвинеја]]><value/></item><item><id>PY</id><![CDATA[Парагвај]]><value/></item><item><id>PE</id><![CDATA[Перу]]><value/></item><item><id>PN</id><![CDATA[Питкерн адалары]]><value/></item><item><id>PL</id><![CDATA[Полша]]><value/></item><item><id>PT</id><![CDATA[Португалија]]><value/></item><item><id>PR</id><![CDATA[Пуерто Рико]]><value/></item><item><id>RE</id><![CDATA[Рејунјон]]><value/></item><item><id>RW</id><![CDATA[Руанда]]><value/></item><item><id>RO</id><![CDATA[Румынија]]><value/></item><item><id>RU</id><![CDATA[Русија]]><value/></item><item><id>SV</id><![CDATA[Салвадор]]><value/></item><item><id>WS</id><![CDATA[Самоа]]><value/></item><item><id>SM</id><![CDATA[Сан-Марино]]><value/></item><item><id>ST</id><![CDATA[Сан-Томе вә Принсипи]]><value/></item><item><id>SA</id><![CDATA[Сәудијјә Әрәбистаны]]><value/></item><item><id>SZ</id><![CDATA[Свазиленд]]><value/></item><item><id>SJ</id><![CDATA[Свалбард вә Јан-Мајен]]><value/></item><item><id>SC</id><![CDATA[Сејшел адалары]]><value/></item><item><id>SN</id><![CDATA[Сенегал]]><value/></item><item><id>MF</id><![CDATA[Сент Мартин]]><value/></item><item><id>BL</id><![CDATA[Сент-Бартелеми]]><value/></item><item><id>VC</id><![CDATA[Сент-Винсент вә Гренадинләр]]><value/></item><item><id>KN</id><![CDATA[Сент-Китс вә Невис]]><value/></item><item><id>LC</id><![CDATA[Сент-Лусија]]><value/></item><item><id>RS</id><![CDATA[Сербија]]><value/></item><item><id>SG</id><![CDATA[Сингапур]]><value/></item><item><id>SX</id><![CDATA[Синт-Мартен]]><value/></item><item><id>SL</id><![CDATA[Сјерра-Леоне]]><value/></item><item><id>SK</id><![CDATA[Словакија]]><value/></item><item><id>SI</id><![CDATA[Словенија]]><value/></item><item><id>SB</id><![CDATA[Соломон адалары]]><value/></item><item><id>SO</id><![CDATA[Сомали]]><value/></item><item><id>SD</id><![CDATA[Судан]]><value/></item><item><id>SY</id><![CDATA[Сурија]]><value/></item><item><id>SR</id><![CDATA[Суринам]]><value/></item><item><id>TH</id><![CDATA[Таиланд]]><value/></item><item><id>TW</id><![CDATA[Тајван]]><value/></item><item><id>TZ</id><![CDATA[Танзанија]]><value/></item><item><id>TJ</id><![CDATA[Таҹикистан]]><value/></item><item><id>TG</id><![CDATA[Того]]><value/></item><item><id>TK</id><![CDATA[Токелау]]><value/></item><item><id>TO</id><![CDATA[Тонга]]><value/></item><item><id>TC</id><![CDATA[Төркс вә Кајкос адалары]]><value/></item><item><id>TT</id><![CDATA[Тринидад вә Тобаго]]><value/></item><item><id>TV</id><![CDATA[Тувалу]]><value/></item><item><id>TN</id><![CDATA[Тунис]]><value/></item><item><id>TR</id><![CDATA[Түркијә]]><value/></item><item><id>TM</id><![CDATA[Түркмәнистан]]><value/></item><item><id>UG</id><![CDATA[Уганда]]><value/></item><item><id>UA</id><![CDATA[Украјна]]><value/></item><item><id>WF</id><![CDATA[Уоллис вә Футуна]]><value/></item><item><id>UY</id><![CDATA[Уругвај]]><value/></item><item><id>FO</id><![CDATA[Фарер адалары]]><value/></item><item><id>PH</id><![CDATA[Филиппин]]><value/></item><item><id>FI</id><![CDATA[Финландија]]><value/></item><item><id>FJ</id><![CDATA[Фиҹи]]><value/></item><item><id>FK</id><![CDATA[Фолкленд адалары]]><value/></item><item><id>FR</id><![CDATA[Франса]]><value/></item><item><id>GF</id><![CDATA[Франса Гвианасы]]><value/></item><item><id>PF</id><![CDATA[Франса Полинезијасы]]><value/></item><item><id>TF</id><![CDATA[Франсанын Ҹәнуб Әразиләри]]><value/></item><item><id>HR</id><![CDATA[Хорватија]]><value/></item><item><id>HT</id><![CDATA[Һаити]]><value/></item><item><id>HM</id><![CDATA[Һерд вә Макдоналд адалары]]><value/></item><item><id>IN</id><![CDATA[Һиндистан]]><value/></item><item><id>HN</id><![CDATA[Һондурас]]><value/></item><item><id>HK</id><![CDATA[Һонк Конг Хүсуси Инзибати Әрази Чин]]><value/></item><item><id>TD</id><![CDATA[Чад]]><value/></item><item><id>CZ</id><![CDATA[Чехија]]><value/></item><item><id>CL</id><![CDATA[Чили]]><value/></item><item><id>CN</id><![CDATA[Чин]]><value/></item><item><id>GI</id><![CDATA[Ҹәбәллүтариг]]><value/></item><item><id>ZA</id><![CDATA[Ҹәнуб Африка]]><value/></item><item><id>KR</id><![CDATA[Ҹәнуби Кореја]]><value/></item><item><id>SS</id><![CDATA[Ҹәнуби Судан]]><value/></item><item><id>GS</id><![CDATA[Ҹәнуби Ҹорҹија вә Ҹәнуби Сендвич адалары]]><value/></item><item><id>JE</id><![CDATA[Ҹерси]]><value/></item><item><id>DJ</id><![CDATA[Ҹибути]]><value/></item><item><id>TL</id><![CDATA[Шәрги Тимор]]><value/></item><item><id>KP</id><![CDATA[Шимали Кореја]]><value/></item><item><id>MP</id><![CDATA[Шимали Мариан адалары]]><value/></item><item><id>LK</id><![CDATA[Шри-Ланка]]><value/></item></values>
