{"VI":"AB\u015e Virgin adalar\u0131","UM":"AB\u015e-a ba\u011fl\u0131 ki\u00e7ik adac\u0131qlar","AX":"Aland adalar\u0131","AL":"Albaniya","DE":"Almaniya","US":"Amerika Birl\u0259\u015fmi\u015f \u015etatlar\u0131","AS":"Amerika Samoas\u0131","AD":"Andorra","AI":"Angilya","AO":"Anqola","AQ":"Antarktika","AG":"Antiqua v\u0259 Barbuda","AR":"Argentina","AW":"Aruba","AU":"Avstraliya","AT":"Avstriya","AZ":"Az\u0259rbaycan","BS":"Baham adalar\u0131","BD":"Banqlade\u015f","BB":"Barbados","BY":"Belarus","BE":"Bel\u00e7ika","BZ":"Beliz","BJ":"Benin","BM":"Bermud adalar\u0131","BH":"B\u0259hreyn","AE":"Birl\u0259\u015fmi\u015f \u018fr\u0259b \u018fmirlikl\u0259ri","GB":"Birl\u0259\u015fmi\u015f Krall\u0131q","BO":"Boliviya","BG":"Bolqar\u0131stan","BA":"Bosniya v\u0259 Herseqovina","BW":"Botsvana","BR":"Braziliya","IO":"Britaniyan\u0131n Hind Okean\u0131 \u018frazisi","VG":"Britaniyan\u0131n Virgin adalar\u0131","BN":"Bruney","BF":"Burkina Faso","BI":"Burundi","BT":"Butan","BV":"Buve adas\u0131","JE":"Cersi","GI":"C\u0259b\u0259ll\u00fctariq","ZA":"C\u0259nub Afrika","GS":"C\u0259nubi Corciya v\u0259 C\u0259nubi Sendvi\u00e7 adalar\u0131","KR":"C\u0259nubi Koreya","SS":"C\u0259nubi Sudan","DJ":"Cibuti","TD":"\u00c7ad","CZ":"\u00c7exiya","CL":"\u00c7ili","CN":"\u00c7in","DK":"Danimarka","DM":"Dominika","DO":"Dominikan Respublikas\u0131","ET":"Efiopiya","EC":"Ekvador","GQ":"Ekvatorial Qvineya","ER":"Eritreya","AM":"Erm\u0259nistan","EE":"Estoniya","SZ":"Esvatini","AF":"\u018ffqan\u0131stan","DZ":"\u018flc\u0259zair","FO":"Farer adalar\u0131","PS":"F\u0259l\u0259stin \u018frazil\u0259ri","FJ":"Fici","PH":"Filippin","FI":"Finlandiya","FK":"Folklend adalar\u0131","FR":"Fransa","GF":"Fransa Qvianas\u0131","PF":"Fransa Polineziyas\u0131","TF":"Fransan\u0131n C\u0259nub \u018frazil\u0259ri","GG":"Gernsi","GE":"G\u00fcrc\u00fcstan","HT":"Haiti","HM":"Herd v\u0259 Makdonald adalar\u0131","IN":"Hindistan","HN":"Honduras","HK":"Honq Konq X\u00fcsusi \u0130nzibati Rayonu \u00c7in","HR":"Xorvatiya","ID":"\u0130ndoneziya","JO":"\u0130ordaniya","IQ":"\u0130raq","IR":"\u0130ran","IE":"\u0130rlandiya","IS":"\u0130slandiya","ES":"\u0130spaniya","IL":"\u0130srail","SE":"\u0130sve\u00e7","CH":"\u0130sve\u00e7r\u0259","IT":"\u0130taliya","CV":"Kabo-Verde","KH":"Kamboca","CM":"Kamerun","CA":"Kanada","BQ":"Karib Niderland\u0131","KY":"Kayman adalar\u0131","KE":"Keniya","CY":"Kipr","KI":"Kiribati","CC":"Kokos (Kilinq) adalar\u0131","CO":"Kolumbiya","KM":"Komor adalar\u0131","CG":"Konqo - Brazzavil","CD":"Konqo - Kin\u015fasa","CR":"Kosta Rika","CI":"Kotd\u2019ivuar","CU":"Kuba","CK":"Kuk adalar\u0131","CW":"Kurasao","KW":"K\u00fcveyt","GA":"Qabon","GM":"Qambiya","GH":"Qana","GY":"Qayana","KZ":"Qazax\u0131stan","EH":"Q\u0259rbi Saxara","QA":"Q\u0259t\u0259r","KG":"Q\u0131r\u011f\u0131z\u0131stan","GD":"Qrenada","GL":"Qrenlandiya","GU":"Quam","GP":"Qvadelupa","GT":"Qvatemala","GN":"Qvineya","GW":"Qvineya-Bisau","LA":"Laos","LV":"Latviya","LS":"Lesoto","LR":"Liberiya","LI":"Lixten\u015fteyn","LT":"Litva","LB":"Livan","LY":"Liviya","LU":"L\u00fcksemburq","HU":"Macar\u0131stan","MG":"Madaqaskar","MO":"Makao X\u0130R \u00c7in","MW":"Malavi","MY":"Malayziya","MV":"Maldiv adalar\u0131","ML":"Mali","MT":"Malta","MH":"Mar\u015fal adalar\u0131","MQ":"Martinik","MU":"Mavriki","MR":"Mavritaniya","YT":"Mayot","MX":"Meksika","IM":"Men adas\u0131","MA":"M\u0259rake\u015f","CF":"M\u0259rk\u0259zi Afrika Respublikas\u0131","FM":"Mikroneziya","CX":"Milad adas\u0131","EG":"Misir","MD":"Moldova","MC":"Monako","MN":"Monqolustan","MS":"Monserat","ME":"Monteneqro","MZ":"Mozambik","PM":"M\u00fcq\u0259dd\u0259s Pyer v\u0259 Mikelon","SH":"M\u00fcq\u0259dd\u0259s Yelena","MM":"Myanma","NA":"Namibiya","NR":"Nauru","NP":"Nepal","NL":"Niderland","NE":"Niger","NG":"Nigeriya","NI":"Nikaraqua","NU":"Niue","NF":"Norfolk adas\u0131","NO":"Norve\u00e7","OM":"Oman","UZ":"\u00d6zb\u0259kistan","PK":"Pakistan","PW":"Palau","PA":"Panama","PG":"Papua-Yeni Qvineya","PY":"Paraqvay","PE":"Peru","PN":"Pitkern adalar\u0131","PL":"Pol\u015fa","PT":"Portuqaliya","PR":"Puerto Riko","RE":"Reyunyon","RW":"Ruanda","RO":"Rum\u0131niya","RU":"Rusiya","SV":"Salvador","WS":"Samoa","SM":"San-Marino","ST":"San-Tome v\u0259 Prinsipi","SN":"Seneqal","MF":"Sent Martin","BL":"Sent-Bartelemi","KN":"Sent-Kits v\u0259 Nevis","LC":"Sent-Lusiya","VC":"Sent-Vinsent v\u0259 Qrenadinl\u0259r","RS":"Serbiya","SC":"Sey\u015fel adalar\u0131","SA":"S\u0259udiyy\u0259 \u018fr\u0259bistan\u0131","SG":"Sinqapur","SX":"Sint-Marten","SK":"Slovakiya","SI":"Sloveniya","SB":"Solomon adalar\u0131","SO":"Somali","SD":"Sudan","SR":"Surinam","SY":"Suriya","SJ":"Svalbard v\u0259 Yan-Mayen","SL":"Syerra-Leone","TL":"\u015e\u0259rqi Timor","KP":"\u015eimali Koreya","MK":"\u015eimali Makedoniya","MP":"\u015eimali Marian adalar\u0131","LK":"\u015eri-Lanka","TJ":"Tacikistan","TH":"Tailand","TZ":"Tanzaniya","TW":"Tayvan","TK":"Tokelau","TG":"Toqo","TO":"Tonqa","TC":"T\u00f6rks v\u0259 Kaykos adalar\u0131","TT":"Trinidad v\u0259 Tobaqo","TN":"Tunis","TV":"Tuvalu","TR":"T\u00fcrkiy\u0259","TM":"T\u00fcrkm\u0259nistan","UA":"Ukrayna","UG":"Uqanda","WF":"Uollis v\u0259 Futuna","UY":"Uruqvay","VU":"Vanuatu","VA":"Vatikan","VE":"Venesuela","VN":"Vyetnam","JM":"Yamayka","JP":"Yaponiya","NC":"Yeni Kaledoniya","NZ":"Yeni Zelandiya","YE":"Y\u0259m\u0259n","GR":"Yunan\u0131stan","ZM":"Zambiya","ZW":"Zimbabve"}