<?xml version="1.0" encoding="utf-8"?>
<values><item><id>IS</id><![CDATA[آيسلندا]]><value/></item><item><id>ET</id><![CDATA[إثيوبيا]]><value/></item><item><id>AZ</id><![CDATA[أذربيجان]]><value/></item><item><id>AM</id><![CDATA[أرمينيا]]><value/></item><item><id>AW</id><![CDATA[أروبا]]><value/></item><item><id>ER</id><![CDATA[إريتريا]]><value/></item><item><id>ES</id><![CDATA[إسبانيا]]><value/></item><item><id>AU</id><![CDATA[أستراليا]]><value/></item><item><id>EE</id><![CDATA[إستونيا]]><value/></item><item><id>IL</id><![CDATA[إسرائيل]]><value/></item><item><id>SZ</id><![CDATA[إسواتيني]]><value/></item><item><id>AF</id><![CDATA[أفغانستان]]><value/></item><item><id>PS</id><![CDATA[الأراضي الفلسطينية]]><value/></item><item><id>AR</id><![CDATA[الأرجنتين]]><value/></item><item><id>JO</id><![CDATA[الأردن]]><value/></item><item><id>TF</id><![CDATA[الأقاليم الجنوبية الفرنسية]]><value/></item><item><id>IO</id><![CDATA[الإقليم البريطاني في المحيط الهندي]]><value/></item><item><id>EC</id><![CDATA[الإكوادور]]><value/></item><item><id>AE</id><![CDATA[الإمارات العربية المتحدة]]><value/></item><item><id>AL</id><![CDATA[ألبانيا]]><value/></item><item><id>BH</id><![CDATA[البحرين]]><value/></item><item><id>BR</id><![CDATA[البرازيل]]><value/></item><item><id>PT</id><![CDATA[البرتغال]]><value/></item><item><id>BA</id><![CDATA[البوسنة والهرسك]]><value/></item><item><id>CZ</id><![CDATA[التشيك]]><value/></item><item><id>ME</id><![CDATA[الجبل الأسود]]><value/></item><item><id>DZ</id><![CDATA[الجزائر]]><value/></item><item><id>DK</id><![CDATA[الدانمرك]]><value/></item><item><id>CV</id><![CDATA[الرأس الأخضر]]><value/></item><item><id>SV</id><![CDATA[السلفادور]]><value/></item><item><id>SN</id><![CDATA[السنغال]]><value/></item><item><id>SD</id><![CDATA[السودان]]><value/></item><item><id>SE</id><![CDATA[السويد]]><value/></item><item><id>EH</id><![CDATA[الصحراء الغربية]]><value/></item><item><id>SO</id><![CDATA[الصومال]]><value/></item><item><id>CN</id><![CDATA[الصين]]><value/></item><item><id>IQ</id><![CDATA[العراق]]><value/></item><item><id>GA</id><![CDATA[الغابون]]><value/></item><item><id>VA</id><![CDATA[الفاتيكان]]><value/></item><item><id>PH</id><![CDATA[الفلبين]]><value/></item><item><id>CM</id><![CDATA[الكاميرون]]><value/></item><item><id>CG</id><![CDATA[الكونغو - برازافيل]]><value/></item><item><id>CD</id><![CDATA[الكونغو - كينشاسا]]><value/></item><item><id>KW</id><![CDATA[الكويت]]><value/></item><item><id>DE</id><![CDATA[ألمانيا]]><value/></item><item><id>MA</id><![CDATA[المغرب]]><value/></item><item><id>MX</id><![CDATA[المكسيك]]><value/></item><item><id>SA</id><![CDATA[المملكة العربية السعودية]]><value/></item><item><id>GB</id><![CDATA[المملكة المتحدة]]><value/></item><item><id>NO</id><![CDATA[النرويج]]><value/></item><item><id>AT</id><![CDATA[النمسا]]><value/></item><item><id>NE</id><![CDATA[النيجر]]><value/></item><item><id>IN</id><![CDATA[الهند]]><value/></item><item><id>US</id><![CDATA[الولايات المتحدة]]><value/></item><item><id>JP</id><![CDATA[اليابان]]><value/></item><item><id>YE</id><![CDATA[اليمن]]><value/></item><item><id>GR</id><![CDATA[اليونان]]><value/></item><item><id>AQ</id><![CDATA[أنتاركتيكا]]><value/></item><item><id>AG</id><![CDATA[أنتيغوا وبربودا]]><value/></item><item><id>AD</id><![CDATA[أندورا]]><value/></item><item><id>ID</id><![CDATA[إندونيسيا]]><value/></item><item><id>AO</id><![CDATA[أنغولا]]><value/></item><item><id>AI</id><![CDATA[أنغويلا]]><value/></item><item><id>UY</id><![CDATA[أورغواي]]><value/></item><item><id>UZ</id><![CDATA[أوزبكستان]]><value/></item><item><id>UG</id><![CDATA[أوغندا]]><value/></item><item><id>UA</id><![CDATA[أوكرانيا]]><value/></item><item><id>IR</id><![CDATA[إيران]]><value/></item><item><id>IE</id><![CDATA[أيرلندا]]><value/></item><item><id>IT</id><![CDATA[إيطاليا]]><value/></item><item><id>PG</id><![CDATA[بابوا غينيا الجديدة]]><value/></item><item><id>PY</id><![CDATA[باراغواي]]><value/></item><item><id>PK</id><![CDATA[باكستان]]><value/></item><item><id>PW</id><![CDATA[بالاو]]><value/></item><item><id>BB</id><![CDATA[بربادوس]]><value/></item><item><id>BM</id><![CDATA[برمودا]]><value/></item><item><id>BN</id><![CDATA[بروناي]]><value/></item><item><id>BE</id><![CDATA[بلجيكا]]><value/></item><item><id>BG</id><![CDATA[بلغاريا]]><value/></item><item><id>BZ</id><![CDATA[بليز]]><value/></item><item><id>BD</id><![CDATA[بنغلاديش]]><value/></item><item><id>PA</id><![CDATA[بنما]]><value/></item><item><id>BJ</id><![CDATA[بنين]]><value/></item><item><id>BT</id><![CDATA[بوتان]]><value/></item><item><id>BW</id><![CDATA[بوتسوانا]]><value/></item><item><id>PR</id><![CDATA[بورتوريكو]]><value/></item><item><id>BF</id><![CDATA[بوركينا فاسو]]><value/></item><item><id>BI</id><![CDATA[بوروندي]]><value/></item><item><id>PL</id><![CDATA[بولندا]]><value/></item><item><id>BO</id><![CDATA[بوليفيا]]><value/></item><item><id>PF</id><![CDATA[بولينيزيا الفرنسية]]><value/></item><item><id>PE</id><![CDATA[بيرو]]><value/></item><item><id>BY</id><![CDATA[بيلاروس]]><value/></item><item><id>TH</id><![CDATA[تايلاند]]><value/></item><item><id>TW</id><![CDATA[تايوان]]><value/></item><item><id>TM</id><![CDATA[تركمانستان]]><value/></item><item><id>TR</id><![CDATA[تركيا]]><value/></item><item><id>TT</id><![CDATA[ترينيداد وتوباغو]]><value/></item><item><id>TD</id><![CDATA[تشاد]]><value/></item><item><id>CL</id><![CDATA[تشيلي]]><value/></item><item><id>TZ</id><![CDATA[تنزانيا]]><value/></item><item><id>TG</id><![CDATA[توغو]]><value/></item><item><id>TV</id><![CDATA[توفالو]]><value/></item><item><id>TK</id><![CDATA[توكيلو]]><value/></item><item><id>TN</id><![CDATA[تونس]]><value/></item><item><id>TO</id><![CDATA[تونغا]]><value/></item><item><id>TL</id><![CDATA[تيمور - ليشتي]]><value/></item><item><id>JM</id><![CDATA[جامايكا]]><value/></item><item><id>GI</id><![CDATA[جبل طارق]]><value/></item><item><id>AX</id><![CDATA[جزر آلاند]]><value/></item><item><id>BS</id><![CDATA[جزر البهاما]]><value/></item><item><id>KM</id><![CDATA[جزر القمر]]><value/></item><item><id>MQ</id><![CDATA[جزر المارتينيك]]><value/></item><item><id>MV</id><![CDATA[جزر المالديف]]><value/></item><item><id>UM</id><![CDATA[جزر الولايات المتحدة النائية]]><value/></item><item><id>PN</id><![CDATA[جزر بيتكيرن]]><value/></item><item><id>TC</id><![CDATA[جزر توركس وكايكوس]]><value/></item><item><id>SB</id><![CDATA[جزر سليمان]]><value/></item><item><id>FO</id><![CDATA[جزر فارو]]><value/></item><item><id>FK</id><![CDATA[جزر فوكلاند]]><value/></item><item><id>VG</id><![CDATA[جزر فيرجن البريطانية]]><value/></item><item><id>VI</id><![CDATA[جزر فيرجن التابعة للولايات المتحدة]]><value/></item><item><id>KY</id><![CDATA[جزر كايمان]]><value/></item><item><id>CK</id><![CDATA[جزر كوك]]><value/></item><item><id>CC</id><![CDATA[جزر كوكوس (كيلينغ)]]><value/></item><item><id>MH</id><![CDATA[جزر مارشال]]><value/></item><item><id>MP</id><![CDATA[جزر ماريانا الشمالية]]><value/></item><item><id>WF</id><![CDATA[جزر والس وفوتونا]]><value/></item><item><id>BV</id><![CDATA[جزيرة بوفيه]]><value/></item><item><id>CX</id><![CDATA[جزيرة كريسماس]]><value/></item><item><id>IM</id><![CDATA[جزيرة مان]]><value/></item><item><id>NF</id><![CDATA[جزيرة نورفولك]]><value/></item><item><id>HM</id><![CDATA[جزيرة هيرد وجزر ماكدونالد]]><value/></item><item><id>CF</id><![CDATA[جمهورية أفريقيا الوسطى]]><value/></item><item><id>DO</id><![CDATA[جمهورية الدومينيكان]]><value/></item><item><id>ZA</id><![CDATA[جنوب أفريقيا]]><value/></item><item><id>SS</id><![CDATA[جنوب السودان]]><value/></item><item><id>GE</id><![CDATA[جورجيا]]><value/></item><item><id>GS</id><![CDATA[جورجيا الجنوبية وجزر ساندويتش الجنوبية]]><value/></item><item><id>DJ</id><![CDATA[جيبوتي]]><value/></item><item><id>JE</id><![CDATA[جيرسي]]><value/></item><item><id>DM</id><![CDATA[دومينيكا]]><value/></item><item><id>RW</id><![CDATA[رواندا]]><value/></item><item><id>RU</id><![CDATA[روسيا]]><value/></item><item><id>RO</id><![CDATA[رومانيا]]><value/></item><item><id>RE</id><![CDATA[روينيون]]><value/></item><item><id>ZM</id><![CDATA[زامبيا]]><value/></item><item><id>ZW</id><![CDATA[زيمبابوي]]><value/></item><item><id>CI</id><![CDATA[ساحل العاج]]><value/></item><item><id>WS</id><![CDATA[ساموا]]><value/></item><item><id>AS</id><![CDATA[ساموا الأمريكية]]><value/></item><item><id>BL</id><![CDATA[سان بارتليمي]]><value/></item><item><id>PM</id><![CDATA[سان بيير ومكويلون]]><value/></item><item><id>MF</id><![CDATA[سان مارتن]]><value/></item><item><id>SM</id><![CDATA[سان مارينو]]><value/></item><item><id>VC</id><![CDATA[سانت فنسنت وجزر غرينادين]]><value/></item><item><id>KN</id><![CDATA[سانت كيتس ونيفيس]]><value/></item><item><id>LC</id><![CDATA[سانت لوسيا]]><value/></item><item><id>SX</id><![CDATA[سانت مارتن]]><value/></item><item><id>SH</id><![CDATA[سانت هيلينا]]><value/></item><item><id>ST</id><![CDATA[ساو تومي وبرينسيبي]]><value/></item><item><id>LK</id><![CDATA[سريلانكا]]><value/></item><item><id>SJ</id><![CDATA[سفالبارد وجان ماين]]><value/></item><item><id>SK</id><![CDATA[سلوفاكيا]]><value/></item><item><id>SI</id><![CDATA[سلوفينيا]]><value/></item><item><id>SG</id><![CDATA[سنغافورة]]><value/></item><item><id>SY</id><![CDATA[سوريا]]><value/></item><item><id>SR</id><![CDATA[سورينام]]><value/></item><item><id>CH</id><![CDATA[سويسرا]]><value/></item><item><id>SL</id><![CDATA[سيراليون]]><value/></item><item><id>SC</id><![CDATA[سيشل]]><value/></item><item><id>RS</id><![CDATA[صربيا]]><value/></item><item><id>TJ</id><![CDATA[طاجيكستان]]><value/></item><item><id>OM</id><![CDATA[عُمان]]><value/></item><item><id>GM</id><![CDATA[غامبيا]]><value/></item><item><id>GH</id><![CDATA[غانا]]><value/></item><item><id>GD</id><![CDATA[غرينادا]]><value/></item><item><id>GL</id><![CDATA[غرينلاند]]><value/></item><item><id>GT</id><![CDATA[غواتيمالا]]><value/></item><item><id>GP</id><![CDATA[غوادلوب]]><value/></item><item><id>GU</id><![CDATA[غوام]]><value/></item><item><id>GF</id><![CDATA[غويانا الفرنسية]]><value/></item><item><id>GY</id><![CDATA[غيانا]]><value/></item><item><id>GG</id><![CDATA[غيرنزي]]><value/></item><item><id>GN</id><![CDATA[غينيا]]><value/></item><item><id>GQ</id><![CDATA[غينيا الاستوائية]]><value/></item><item><id>GW</id><![CDATA[غينيا بيساو]]><value/></item><item><id>VU</id><![CDATA[فانواتو]]><value/></item><item><id>FR</id><![CDATA[فرنسا]]><value/></item><item><id>VE</id><![CDATA[فنزويلا]]><value/></item><item><id>FI</id><![CDATA[فنلندا]]><value/></item><item><id>VN</id><![CDATA[فيتنام]]><value/></item><item><id>FJ</id><![CDATA[فيجي]]><value/></item><item><id>CY</id><![CDATA[قبرص]]><value/></item><item><id>QA</id><![CDATA[قطر]]><value/></item><item><id>KG</id><![CDATA[قيرغيزستان]]><value/></item><item><id>KZ</id><![CDATA[كازاخستان]]><value/></item><item><id>NC</id><![CDATA[كاليدونيا الجديدة]]><value/></item><item><id>HR</id><![CDATA[كرواتيا]]><value/></item><item><id>KH</id><![CDATA[كمبوديا]]><value/></item><item><id>CA</id><![CDATA[كندا]]><value/></item><item><id>CU</id><![CDATA[كوبا]]><value/></item><item><id>CW</id><![CDATA[كوراساو]]><value/></item><item><id>KR</id><![CDATA[كوريا الجنوبية]]><value/></item><item><id>KP</id><![CDATA[كوريا الشمالية]]><value/></item><item><id>CR</id><![CDATA[كوستاريكا]]><value/></item><item><id>CO</id><![CDATA[كولومبيا]]><value/></item><item><id>KI</id><![CDATA[كيريباتي]]><value/></item><item><id>KE</id><![CDATA[كينيا]]><value/></item><item><id>LV</id><![CDATA[لاتفيا]]><value/></item><item><id>LA</id><![CDATA[لاوس]]><value/></item><item><id>LB</id><![CDATA[لبنان]]><value/></item><item><id>LU</id><![CDATA[لوكسمبورغ]]><value/></item><item><id>LY</id><![CDATA[ليبيا]]><value/></item><item><id>LR</id><![CDATA[ليبيريا]]><value/></item><item><id>LT</id><![CDATA[ليتوانيا]]><value/></item><item><id>LI</id><![CDATA[ليختنشتاين]]><value/></item><item><id>LS</id><![CDATA[ليسوتو]]><value/></item><item><id>MT</id><![CDATA[مالطا]]><value/></item><item><id>ML</id><![CDATA[مالي]]><value/></item><item><id>MY</id><![CDATA[ماليزيا]]><value/></item><item><id>YT</id><![CDATA[مايوت]]><value/></item><item><id>MG</id><![CDATA[مدغشقر]]><value/></item><item><id>EG</id><![CDATA[مصر]]><value/></item><item><id>MK</id><![CDATA[مقدونيا الشمالية]]><value/></item><item><id>MW</id><![CDATA[ملاوي]]><value/></item><item><id>MO</id><![CDATA[منطقة ماكاو الإدارية الخاصة]]><value/></item><item><id>MN</id><![CDATA[منغوليا]]><value/></item><item><id>MR</id><![CDATA[موريتانيا]]><value/></item><item><id>MU</id><![CDATA[موريشيوس]]><value/></item><item><id>MZ</id><![CDATA[موزمبيق]]><value/></item><item><id>MD</id><![CDATA[مولدوفا]]><value/></item><item><id>MC</id><![CDATA[موناكو]]><value/></item><item><id>MS</id><![CDATA[مونتسرات]]><value/></item><item><id>MM</id><![CDATA[ميانمار (بورما)]]><value/></item><item><id>FM</id><![CDATA[ميكرونيزيا]]><value/></item><item><id>NA</id><![CDATA[ناميبيا]]><value/></item><item><id>NR</id><![CDATA[ناورو]]><value/></item><item><id>NP</id><![CDATA[نيبال]]><value/></item><item><id>NG</id><![CDATA[نيجيريا]]><value/></item><item><id>NI</id><![CDATA[نيكاراغوا]]><value/></item><item><id>NZ</id><![CDATA[نيوزيلندا]]><value/></item><item><id>NU</id><![CDATA[نيوي]]><value/></item><item><id>HT</id><![CDATA[هايتي]]><value/></item><item><id>HN</id><![CDATA[هندوراس]]><value/></item><item><id>HU</id><![CDATA[هنغاريا]]><value/></item><item><id>NL</id><![CDATA[هولندا]]><value/></item><item><id>BQ</id><![CDATA[هولندا الكاريبية]]><value/></item><item><id>HK</id><![CDATA[هونغ كونغ الصينية (منطقة إدارية خاصة)]]><value/></item></values>
