{"AF":"Afiganista\u014b","AX":"\u00c5land Islands","AL":"Alibani","DE":"Alima\u0272i","DZ":"Alizeri","US":"Ameriki","VI":"Ameriki ka Sungurunnin Gun","AD":"And\u0254r","IO":"Angil\u025b ka \u025bndu dugukolo","VG":"Angil\u025b ka Sungurunnin Gun","GB":"Angil\u025bt\u025bri","AI":"Angiya","AO":"Angola","AQ":"Antarctica","AG":"Antiga-ni-Barbuda","SA":"Arabiya Sawudiya","AE":"Arabu mara kafoli","AM":"Arimeni","AR":"Arizantin","AW":"Aruba","HT":"Ayiti","AZ":"Az\u025brbayja\u014b","BS":"Bahamasi","KY":"Bama Gun","BB":"Barbadi","BH":"Bareyini","BY":"Belarusi","BZ":"Belizi","BJ":"Ben\u025bn","BR":"Berezili","BM":"Bermudi","BE":"B\u025bliziki","BD":"B\u025bngilad\u025bsi","BO":"Bolivi","BV":"Bouvet Island","BA":"Bozni-\u0190rizigovini","BW":"B\u0254tisiwana","BG":"Buligari","BN":"Burin\u025byi","BF":"Burukina Faso","BI":"Burundi","BT":"Buta\u014b","TD":"Cadi","CV":"Capiv\u025brdi","BQ":"Caribbean Netherlands","CZ":"Ceki republiki","CX":"Christmas Island","CY":"Cipri","CC":"Cocos (Keeling) Islands","CW":"Cura\u00e7ao","DK":"Danemarki","DO":"D\u0254mimiki republiki","DM":"D\u0254miniki","EC":"Ekwat\u0254r","ER":"Eritere","EE":"Esetoni","ES":"Esipa\u0272i","ET":"Etiopi","EG":"Eziputi","SH":"\u0190l\u025bni Senu","ID":"\u0190ndonezi","IN":"\u0190ndujamana","FR":"Faransi","GF":"Faransi ka gwiyani","PF":"Faransi ka polinezi","FO":"Faroe Islands","FJ":"Fiji","PH":"Filipini","FI":"Finilandi","TF":"French Southern Territories","GA":"Gab\u0254\u014b","GH":"Gana","GM":"Ganbi","GR":"G\u025br\u025bsi","GN":"Gine","GW":"Gine Bisawo","GQ":"Gine ekwat\u0254ri","GL":"G\u0254r\u0254henelandi","GD":"Granadi","GG":"Guernsey","GP":"Gwadelup","GU":"Gwam","GT":"Gwatemala","GY":"Gwiyana","HM":"Heard & McDonald Islands","HK":"Hong Kong SAR China","HN":"H\u0254ndirasi","HU":"H\u0254ngri","IQ":"Iraki","IR":"Ira\u014b","IE":"Irilandi","RU":"Irisi","IS":"Isilandi","IL":"Isirayeli","IM":"Isle of Man","IT":"Itali","JE":"Jersey","DJ":"Jibuti","NC":"Kaledoni Koura","KH":"Kamboji","CM":"Kameruni","CA":"Kanada","QA":"Katari","KZ":"Kazakista\u014b","KE":"Keniya","KP":"K\u025b\u0272\u025bka Kore","MP":"K\u025b\u0272\u025bka Mariyani Gun","KI":"Kiribati","KG":"Kirigizisita\u014b","CI":"Kodiwari","CO":"Kolombi","KM":"Kom\u0254ri","CG":"Kongo","CD":"Kongo ka republiki dem\u0254kratiki","KW":"Kow\u025bti","TL":"K\u0254r\u0254n Tim\u0254r","CR":"K\u0254sitarika","KN":"Krist\u0254fo-Senu-ni-\u019dev\u025bs","HR":"Kroasi","CU":"Kuba","CK":"Kuki Gun","LA":"Layosi","LS":"Lesoto","LV":"Letoni","LB":"Liba\u014b","LR":"Liberiya","LY":"Libi","LU":"Likisanburu","LI":"Lis\u025bnsitayini","LT":"Lituyani","LC":"Lusi-Senu","MO":"Macao SAR China","MG":"Madagasikari","MW":"Malawi","MV":"Maldivi","MY":"Mal\u025bzi","ML":"Mali","MT":"Malti","FK":"Maluwini Gun","SM":"Marini-Senu","MH":"Marisali Gun","MQ":"Maritiniki","MA":"Mar\u0254ku","YT":"Mayoti","MX":"Meksiki","FM":"Mikironesi","MD":"Molidavi","MC":"Monako","ME":"Montenegro","MN":"Mo\u014boli","MS":"Mo\u014bsera","MU":"Morisi","MZ":"Mozanbiki","MR":"M\u0254ritani","MM":"Myanimari","NA":"Namibi","NR":"Nawuru","NP":"Nepali","NI":"Nikaragwa","NG":"Nizeriya","NE":"Niz\u025bri","MK":"North Macedonia","NO":"N\u0254riw\u025bzi","NF":"N\u0254rofoliki Gun","NU":"Nyuwe","OM":"Oma\u014b","AU":"Ositirali","AT":"Otirisi","PK":"Pakisita\u014b","PW":"Palawu","PS":"Palesitini","PA":"Panama","PG":"Papuwasi-Gine-Koura","PY":"Paraguwayi","PE":"Peru","NL":"Peyiba","PN":"Pitikarini","PM":"Piy\u025bri-Senu-ni-Mikel\u0254\u014b","PL":"Polo\u0272i","PT":"P\u0254ritigali","PR":"P\u0254rotoriko","RE":"Reyu\u0272\u0254\u014b","RO":"Rumani","RW":"Ruwanda","SV":"Salivad\u0254r","SB":"Salomo Gun","WS":"Samowa","AS":"Samowa amerikani","CF":"Santarafiriki","ST":"Sawo Tome-ni-Prinicipe","SN":"Senegali","RS":"Serbia","SC":"Ses\u025bli","SG":"S\u025bngapuri","CL":"Sili","CN":"Siniwajamana","SX":"Sint Maarten","SY":"Siri","LK":"Sirilanka","SL":"Siyera Lew\u0254ni","SI":"Sloveni","SK":"Slowaki","SO":"Somali","GS":"South Georgia & South Sandwich Islands","SS":"South Sudan","BL":"St. Barth\u00e9lemy","MF":"St. Martin","SD":"Suda\u014b","SR":"Surinami","SE":"Suw\u025bdi","CH":"Suwisi","SJ":"Svalbard & Jan Mayen","SZ":"Swazilandi","TJ":"Tajikisitani","TZ":"Tanzani","TH":"Tayilandi","TW":"Tayiwani","TG":"Togo","TK":"Tokelo","TO":"Tonga","TT":"Trinite-ni-Tobago","TN":"Tunizi","TR":"Turiki","TC":"Turiki Gun ni Kayiki","TM":"Turikimenisitani","TV":"Tuvalu","UM":"U.S. Outlying Islands","UG":"Uganda","UA":"Uk\u025br\u025bni","UY":"Urugwayi","UZ":"Uzebekisitani","VU":"Vanuwatu","VA":"Vatika\u014b","VE":"Venezuwela","VC":"Vinis\u025bn-Senu-ni-Grenadini","WF":"Walisi-ni-Futuna","EH":"Western Sahara","VN":"Wiy\u025btinamu","ZA":"Worodugu Afriki","KR":"Worodugu Kore","YE":"Yem\u025bni","JM":"Zamayiki","ZM":"Zanbi","JP":"Zap\u0254n","NZ":"Zelandi Koura","GE":"Zey\u0254rzi","GI":"Zibralitari","ZW":"Zimbabuwe","JO":"Z\u0254rdani"}