<?xml version="1.0" encoding="utf-8"?>
<values><item><id>AF</id><![CDATA[Afiganistaŋ]]><value/></item><item><id>AX</id><![CDATA[Åland Islands]]><value/></item><item><id>AL</id><![CDATA[Alibani]]><value/></item><item><id>DE</id><![CDATA[Alimaɲi]]><value/></item><item><id>DZ</id><![CDATA[Alizeri]]><value/></item><item><id>US</id><![CDATA[Ameriki]]><value/></item><item><id>VI</id><![CDATA[Ameriki ka Sungurunnin Gun]]><value/></item><item><id>AD</id><![CDATA[Andɔr]]><value/></item><item><id>IO</id><![CDATA[Angilɛ ka ɛndu dugukolo]]><value/></item><item><id>VG</id><![CDATA[Angilɛ ka Sungurunnin Gun]]><value/></item><item><id>GB</id><![CDATA[Angilɛtɛri]]><value/></item><item><id>AI</id><![CDATA[Angiya]]><value/></item><item><id>AO</id><![CDATA[Angola]]><value/></item><item><id>AQ</id><![CDATA[Antarctica]]><value/></item><item><id>AG</id><![CDATA[Antiga-ni-Barbuda]]><value/></item><item><id>SA</id><![CDATA[Arabiya Sawudiya]]><value/></item><item><id>AE</id><![CDATA[Arabu mara kafoli]]><value/></item><item><id>AM</id><![CDATA[Arimeni]]><value/></item><item><id>AR</id><![CDATA[Arizantin]]><value/></item><item><id>AW</id><![CDATA[Aruba]]><value/></item><item><id>HT</id><![CDATA[Ayiti]]><value/></item><item><id>AZ</id><![CDATA[Azɛrbayjaŋ]]><value/></item><item><id>BS</id><![CDATA[Bahamasi]]><value/></item><item><id>KY</id><![CDATA[Bama Gun]]><value/></item><item><id>BB</id><![CDATA[Barbadi]]><value/></item><item><id>BH</id><![CDATA[Bareyini]]><value/></item><item><id>BY</id><![CDATA[Belarusi]]><value/></item><item><id>BZ</id><![CDATA[Belizi]]><value/></item><item><id>BJ</id><![CDATA[Benɛn]]><value/></item><item><id>BR</id><![CDATA[Berezili]]><value/></item><item><id>BM</id><![CDATA[Bermudi]]><value/></item><item><id>BE</id><![CDATA[Bɛliziki]]><value/></item><item><id>BD</id><![CDATA[Bɛngiladɛsi]]><value/></item><item><id>BO</id><![CDATA[Bolivi]]><value/></item><item><id>BV</id><![CDATA[Bouvet Island]]><value/></item><item><id>BA</id><![CDATA[Bozni-Ɛrizigovini]]><value/></item><item><id>BW</id><![CDATA[Bɔtisiwana]]><value/></item><item><id>BG</id><![CDATA[Buligari]]><value/></item><item><id>BN</id><![CDATA[Burinɛyi]]><value/></item><item><id>BF</id><![CDATA[Burukina Faso]]><value/></item><item><id>BI</id><![CDATA[Burundi]]><value/></item><item><id>BT</id><![CDATA[Butaŋ]]><value/></item><item><id>TD</id><![CDATA[Cadi]]><value/></item><item><id>CV</id><![CDATA[Capivɛrdi]]><value/></item><item><id>BQ</id><![CDATA[Caribbean Netherlands]]><value/></item><item><id>CZ</id><![CDATA[Ceki republiki]]><value/></item><item><id>CX</id><![CDATA[Christmas Island]]><value/></item><item><id>CY</id><![CDATA[Cipri]]><value/></item><item><id>CC</id><![CDATA[Cocos (Keeling) Islands]]><value/></item><item><id>CW</id><![CDATA[Curaçao]]><value/></item><item><id>DK</id><![CDATA[Danemarki]]><value/></item><item><id>DO</id><![CDATA[Dɔmimiki republiki]]><value/></item><item><id>DM</id><![CDATA[Dɔminiki]]><value/></item><item><id>EC</id><![CDATA[Ekwatɔr]]><value/></item><item><id>ER</id><![CDATA[Eritere]]><value/></item><item><id>EE</id><![CDATA[Esetoni]]><value/></item><item><id>ES</id><![CDATA[Esipaɲi]]><value/></item><item><id>ET</id><![CDATA[Etiopi]]><value/></item><item><id>EG</id><![CDATA[Eziputi]]><value/></item><item><id>SH</id><![CDATA[Ɛlɛni Senu]]><value/></item><item><id>ID</id><![CDATA[Ɛndonezi]]><value/></item><item><id>IN</id><![CDATA[Ɛndujamana]]><value/></item><item><id>FR</id><![CDATA[Faransi]]><value/></item><item><id>GF</id><![CDATA[Faransi ka gwiyani]]><value/></item><item><id>PF</id><![CDATA[Faransi ka polinezi]]><value/></item><item><id>FO</id><![CDATA[Faroe Islands]]><value/></item><item><id>FJ</id><![CDATA[Fiji]]><value/></item><item><id>PH</id><![CDATA[Filipini]]><value/></item><item><id>FI</id><![CDATA[Finilandi]]><value/></item><item><id>TF</id><![CDATA[French Southern Territories]]><value/></item><item><id>GA</id><![CDATA[Gabɔŋ]]><value/></item><item><id>GH</id><![CDATA[Gana]]><value/></item><item><id>GM</id><![CDATA[Ganbi]]><value/></item><item><id>GR</id><![CDATA[Gɛrɛsi]]><value/></item><item><id>GN</id><![CDATA[Gine]]><value/></item><item><id>GW</id><![CDATA[Gine Bisawo]]><value/></item><item><id>GQ</id><![CDATA[Gine ekwatɔri]]><value/></item><item><id>GL</id><![CDATA[Gɔrɔhenelandi]]><value/></item><item><id>GD</id><![CDATA[Granadi]]><value/></item><item><id>GG</id><![CDATA[Guernsey]]><value/></item><item><id>GP</id><![CDATA[Gwadelup]]><value/></item><item><id>GU</id><![CDATA[Gwam]]><value/></item><item><id>GT</id><![CDATA[Gwatemala]]><value/></item><item><id>GY</id><![CDATA[Gwiyana]]><value/></item><item><id>HM</id><![CDATA[Heard & McDonald Islands]]><value/></item><item><id>HK</id><![CDATA[Hong Kong SAR China]]><value/></item><item><id>HN</id><![CDATA[Hɔndirasi]]><value/></item><item><id>HU</id><![CDATA[Hɔngri]]><value/></item><item><id>IQ</id><![CDATA[Iraki]]><value/></item><item><id>IR</id><![CDATA[Iraŋ]]><value/></item><item><id>IE</id><![CDATA[Irilandi]]><value/></item><item><id>RU</id><![CDATA[Irisi]]><value/></item><item><id>IS</id><![CDATA[Isilandi]]><value/></item><item><id>IL</id><![CDATA[Isirayeli]]><value/></item><item><id>IM</id><![CDATA[Isle of Man]]><value/></item><item><id>IT</id><![CDATA[Itali]]><value/></item><item><id>JE</id><![CDATA[Jersey]]><value/></item><item><id>DJ</id><![CDATA[Jibuti]]><value/></item><item><id>NC</id><![CDATA[Kaledoni Koura]]><value/></item><item><id>KH</id><![CDATA[Kamboji]]><value/></item><item><id>CM</id><![CDATA[Kameruni]]><value/></item><item><id>CA</id><![CDATA[Kanada]]><value/></item><item><id>QA</id><![CDATA[Katari]]><value/></item><item><id>KZ</id><![CDATA[Kazakistaŋ]]><value/></item><item><id>KE</id><![CDATA[Keniya]]><value/></item><item><id>KP</id><![CDATA[Kɛɲɛka Kore]]><value/></item><item><id>MP</id><![CDATA[Kɛɲɛka Mariyani Gun]]><value/></item><item><id>KI</id><![CDATA[Kiribati]]><value/></item><item><id>KG</id><![CDATA[Kirigizisitaŋ]]><value/></item><item><id>CI</id><![CDATA[Kodiwari]]><value/></item><item><id>CO</id><![CDATA[Kolombi]]><value/></item><item><id>KM</id><![CDATA[Komɔri]]><value/></item><item><id>CG</id><![CDATA[Kongo]]><value/></item><item><id>CD</id><![CDATA[Kongo ka republiki demɔkratiki]]><value/></item><item><id>KW</id><![CDATA[Kowɛti]]><value/></item><item><id>TL</id><![CDATA[Kɔrɔn Timɔr]]><value/></item><item><id>CR</id><![CDATA[Kɔsitarika]]><value/></item><item><id>KN</id><![CDATA[Kristɔfo-Senu-ni-Ɲevɛs]]><value/></item><item><id>HR</id><![CDATA[Kroasi]]><value/></item><item><id>CU</id><![CDATA[Kuba]]><value/></item><item><id>CK</id><![CDATA[Kuki Gun]]><value/></item><item><id>LA</id><![CDATA[Layosi]]><value/></item><item><id>LS</id><![CDATA[Lesoto]]><value/></item><item><id>LV</id><![CDATA[Letoni]]><value/></item><item><id>LB</id><![CDATA[Libaŋ]]><value/></item><item><id>LR</id><![CDATA[Liberiya]]><value/></item><item><id>LY</id><![CDATA[Libi]]><value/></item><item><id>LU</id><![CDATA[Likisanburu]]><value/></item><item><id>LI</id><![CDATA[Lisɛnsitayini]]><value/></item><item><id>LT</id><![CDATA[Lituyani]]><value/></item><item><id>LC</id><![CDATA[Lusi-Senu]]><value/></item><item><id>MO</id><![CDATA[Macao SAR China]]><value/></item><item><id>MG</id><![CDATA[Madagasikari]]><value/></item><item><id>MW</id><![CDATA[Malawi]]><value/></item><item><id>MV</id><![CDATA[Maldivi]]><value/></item><item><id>MY</id><![CDATA[Malɛzi]]><value/></item><item><id>ML</id><![CDATA[Mali]]><value/></item><item><id>MT</id><![CDATA[Malti]]><value/></item><item><id>FK</id><![CDATA[Maluwini Gun]]><value/></item><item><id>SM</id><![CDATA[Marini-Senu]]><value/></item><item><id>MH</id><![CDATA[Marisali Gun]]><value/></item><item><id>MQ</id><![CDATA[Maritiniki]]><value/></item><item><id>MA</id><![CDATA[Marɔku]]><value/></item><item><id>YT</id><![CDATA[Mayoti]]><value/></item><item><id>MX</id><![CDATA[Meksiki]]><value/></item><item><id>FM</id><![CDATA[Mikironesi]]><value/></item><item><id>MD</id><![CDATA[Molidavi]]><value/></item><item><id>MC</id><![CDATA[Monako]]><value/></item><item><id>ME</id><![CDATA[Montenegro]]><value/></item><item><id>MN</id><![CDATA[Moŋoli]]><value/></item><item><id>MS</id><![CDATA[Moŋsera]]><value/></item><item><id>MU</id><![CDATA[Morisi]]><value/></item><item><id>MZ</id><![CDATA[Mozanbiki]]><value/></item><item><id>MR</id><![CDATA[Mɔritani]]><value/></item><item><id>MM</id><![CDATA[Myanimari]]><value/></item><item><id>NA</id><![CDATA[Namibi]]><value/></item><item><id>NR</id><![CDATA[Nawuru]]><value/></item><item><id>NP</id><![CDATA[Nepali]]><value/></item><item><id>NI</id><![CDATA[Nikaragwa]]><value/></item><item><id>NG</id><![CDATA[Nizeriya]]><value/></item><item><id>NE</id><![CDATA[Nizɛri]]><value/></item><item><id>MK</id><![CDATA[North Macedonia]]><value/></item><item><id>NO</id><![CDATA[Nɔriwɛzi]]><value/></item><item><id>NF</id><![CDATA[Nɔrofoliki Gun]]><value/></item><item><id>NU</id><![CDATA[Nyuwe]]><value/></item><item><id>OM</id><![CDATA[Omaŋ]]><value/></item><item><id>AU</id><![CDATA[Ositirali]]><value/></item><item><id>AT</id><![CDATA[Otirisi]]><value/></item><item><id>PK</id><![CDATA[Pakisitaŋ]]><value/></item><item><id>PW</id><![CDATA[Palawu]]><value/></item><item><id>PS</id><![CDATA[Palesitini]]><value/></item><item><id>PA</id><![CDATA[Panama]]><value/></item><item><id>PG</id><![CDATA[Papuwasi-Gine-Koura]]><value/></item><item><id>PY</id><![CDATA[Paraguwayi]]><value/></item><item><id>PE</id><![CDATA[Peru]]><value/></item><item><id>NL</id><![CDATA[Peyiba]]><value/></item><item><id>PN</id><![CDATA[Pitikarini]]><value/></item><item><id>PM</id><![CDATA[Piyɛri-Senu-ni-Mikelɔŋ]]><value/></item><item><id>PL</id><![CDATA[Poloɲi]]><value/></item><item><id>PT</id><![CDATA[Pɔritigali]]><value/></item><item><id>PR</id><![CDATA[Pɔrotoriko]]><value/></item><item><id>RE</id><![CDATA[Reyuɲɔŋ]]><value/></item><item><id>RO</id><![CDATA[Rumani]]><value/></item><item><id>RW</id><![CDATA[Ruwanda]]><value/></item><item><id>SV</id><![CDATA[Salivadɔr]]><value/></item><item><id>SB</id><![CDATA[Salomo Gun]]><value/></item><item><id>WS</id><![CDATA[Samowa]]><value/></item><item><id>AS</id><![CDATA[Samowa amerikani]]><value/></item><item><id>CF</id><![CDATA[Santarafiriki]]><value/></item><item><id>ST</id><![CDATA[Sawo Tome-ni-Prinicipe]]><value/></item><item><id>SN</id><![CDATA[Senegali]]><value/></item><item><id>RS</id><![CDATA[Serbia]]><value/></item><item><id>SC</id><![CDATA[Sesɛli]]><value/></item><item><id>SG</id><![CDATA[Sɛngapuri]]><value/></item><item><id>CL</id><![CDATA[Sili]]><value/></item><item><id>CN</id><![CDATA[Siniwajamana]]><value/></item><item><id>SX</id><![CDATA[Sint Maarten]]><value/></item><item><id>SY</id><![CDATA[Siri]]><value/></item><item><id>LK</id><![CDATA[Sirilanka]]><value/></item><item><id>SL</id><![CDATA[Siyera Lewɔni]]><value/></item><item><id>SI</id><![CDATA[Sloveni]]><value/></item><item><id>SK</id><![CDATA[Slowaki]]><value/></item><item><id>SO</id><![CDATA[Somali]]><value/></item><item><id>GS</id><![CDATA[South Georgia & South Sandwich Islands]]><value/></item><item><id>SS</id><![CDATA[South Sudan]]><value/></item><item><id>BL</id><![CDATA[St. Barthélemy]]><value/></item><item><id>MF</id><![CDATA[St. Martin]]><value/></item><item><id>SD</id><![CDATA[Sudaŋ]]><value/></item><item><id>SR</id><![CDATA[Surinami]]><value/></item><item><id>SE</id><![CDATA[Suwɛdi]]><value/></item><item><id>CH</id><![CDATA[Suwisi]]><value/></item><item><id>SJ</id><![CDATA[Svalbard & Jan Mayen]]><value/></item><item><id>SZ</id><![CDATA[Swazilandi]]><value/></item><item><id>TJ</id><![CDATA[Tajikisitani]]><value/></item><item><id>TZ</id><![CDATA[Tanzani]]><value/></item><item><id>TH</id><![CDATA[Tayilandi]]><value/></item><item><id>TW</id><![CDATA[Tayiwani]]><value/></item><item><id>TG</id><![CDATA[Togo]]><value/></item><item><id>TK</id><![CDATA[Tokelo]]><value/></item><item><id>TO</id><![CDATA[Tonga]]><value/></item><item><id>TT</id><![CDATA[Trinite-ni-Tobago]]><value/></item><item><id>TN</id><![CDATA[Tunizi]]><value/></item><item><id>TR</id><![CDATA[Turiki]]><value/></item><item><id>TC</id><![CDATA[Turiki Gun ni Kayiki]]><value/></item><item><id>TM</id><![CDATA[Turikimenisitani]]><value/></item><item><id>TV</id><![CDATA[Tuvalu]]><value/></item><item><id>UM</id><![CDATA[U.S. Outlying Islands]]><value/></item><item><id>UG</id><![CDATA[Uganda]]><value/></item><item><id>UA</id><![CDATA[Ukɛrɛni]]><value/></item><item><id>UY</id><![CDATA[Urugwayi]]><value/></item><item><id>UZ</id><![CDATA[Uzebekisitani]]><value/></item><item><id>VU</id><![CDATA[Vanuwatu]]><value/></item><item><id>VA</id><![CDATA[Vatikaŋ]]><value/></item><item><id>VE</id><![CDATA[Venezuwela]]><value/></item><item><id>VC</id><![CDATA[Vinisɛn-Senu-ni-Grenadini]]><value/></item><item><id>WF</id><![CDATA[Walisi-ni-Futuna]]><value/></item><item><id>EH</id><![CDATA[Western Sahara]]><value/></item><item><id>VN</id><![CDATA[Wiyɛtinamu]]><value/></item><item><id>ZA</id><![CDATA[Worodugu Afriki]]><value/></item><item><id>KR</id><![CDATA[Worodugu Kore]]><value/></item><item><id>YE</id><![CDATA[Yemɛni]]><value/></item><item><id>JM</id><![CDATA[Zamayiki]]><value/></item><item><id>ZM</id><![CDATA[Zanbi]]><value/></item><item><id>JP</id><![CDATA[Zapɔn]]><value/></item><item><id>NZ</id><![CDATA[Zelandi Koura]]><value/></item><item><id>GE</id><![CDATA[Zeyɔrzi]]><value/></item><item><id>GI</id><![CDATA[Zibralitari]]><value/></item><item><id>ZW</id><![CDATA[Zimbabuwe]]><value/></item><item><id>JO</id><![CDATA[Zɔrdani]]><value/></item></values>
