<?xml version="1.0" encoding="utf-8"?>
<values><item><id>HU</id><![CDATA[ሀንጋሪ]]><value/></item><item><id>HT</id><![CDATA[ሀይቲ]]><value/></item><item><id>IN</id><![CDATA[ህንድ]]><value/></item><item><id>HN</id><![CDATA[ሆንዱራስ]]><value/></item><item><id>HK</id><![CDATA[ሆንግ ኮንግ ልዩ የአስተዳደር ክልል ቻይና]]><value/></item><item><id>LU</id><![CDATA[ሉክሰምበርግ]]><value/></item><item><id>LY</id><![CDATA[ሊቢያ]]><value/></item><item><id>LB</id><![CDATA[ሊባኖስ]]><value/></item><item><id>LT</id><![CDATA[ሊቱዌኒያ]]><value/></item><item><id>LI</id><![CDATA[ሊችተንስታይን]]><value/></item><item><id>LV</id><![CDATA[ላትቪያ]]><value/></item><item><id>LA</id><![CDATA[ላኦስ]]><value/></item><item><id>LR</id><![CDATA[ላይቤሪያ]]><value/></item><item><id>LS</id><![CDATA[ሌሶቶ]]><value/></item><item><id>FM</id><![CDATA[ሚክሮኔዢያ]]><value/></item><item><id>ML</id><![CDATA[ማሊ]]><value/></item><item><id>MW</id><![CDATA[ማላዊ]]><value/></item><item><id>MY</id><![CDATA[ማሌዢያ]]><value/></item><item><id>MT</id><![CDATA[ማልታ]]><value/></item><item><id>MV</id><![CDATA[ማልዲቭስ]]><value/></item><item><id>MH</id><![CDATA[ማርሻል አይላንድ]]><value/></item><item><id>MQ</id><![CDATA[ማርቲኒክ]]><value/></item><item><id>MO</id><![CDATA[ማካኡ ልዩ የአስተዳደር ክልል ቻይና]]><value/></item><item><id>CF</id><![CDATA[ማዕከላዊ አፍሪካ ሪፑብሊክ]]><value/></item><item><id>MM</id><![CDATA[ማይናማር(በርማ)]]><value/></item><item><id>MG</id><![CDATA[ማዳጋስካር]]><value/></item><item><id>MX</id><![CDATA[ሜክሲኮ]]><value/></item><item><id>YT</id><![CDATA[ሜይኦቴ]]><value/></item><item><id>EH</id><![CDATA[ምዕራባዊ ሳህራ]]><value/></item><item><id>MD</id><![CDATA[ሞልዶቫ]]><value/></item><item><id>MU</id><![CDATA[ሞሪሸስ]]><value/></item><item><id>MR</id><![CDATA[ሞሪቴኒያ]]><value/></item><item><id>MA</id><![CDATA[ሞሮኮ]]><value/></item><item><id>MC</id><![CDATA[ሞናኮ]]><value/></item><item><id>ME</id><![CDATA[ሞንተኔግሮ]]><value/></item><item><id>MS</id><![CDATA[ሞንትሴራት]]><value/></item><item><id>MN</id><![CDATA[ሞንጎሊያ]]><value/></item><item><id>MZ</id><![CDATA[ሞዛምቢክ]]><value/></item><item><id>RU</id><![CDATA[ሩስያ]]><value/></item><item><id>RW</id><![CDATA[ሩዋንዳ]]><value/></item><item><id>RE</id><![CDATA[ሪዩኒየን]]><value/></item><item><id>RO</id><![CDATA[ሮሜኒያ]]><value/></item><item><id>SB</id><![CDATA[ሰሎሞን ደሴት]]><value/></item><item><id>MK</id><![CDATA[ሰሜን መቄዶንያ]]><value/></item><item><id>KP</id><![CDATA[ሰሜን ኮሪያ]]><value/></item><item><id>RS</id><![CDATA[ሰርብያ]]><value/></item><item><id>SO</id><![CDATA[ሱማሌ]]><value/></item><item><id>SR</id><![CDATA[ሱሪናም]]><value/></item><item><id>SZ</id><![CDATA[ሱዋዚላንድ]]><value/></item><item><id>SD</id><![CDATA[ሱዳን]]><value/></item><item><id>LK</id><![CDATA[ሲሪላንካ]]><value/></item><item><id>SY</id><![CDATA[ሲሪያ]]><value/></item><item><id>SC</id><![CDATA[ሲሼልስ]]><value/></item><item><id>SX</id><![CDATA[ሲንት ማርተን]]><value/></item><item><id>SG</id><![CDATA[ሲንጋፖር]]><value/></item><item><id>WS</id><![CDATA[ሳሞአ]]><value/></item><item><id>SM</id><![CDATA[ሳን ማሪኖ]]><value/></item><item><id>ST</id><![CDATA[ሳኦ ቶሜ እና ፕሪንሲፔ]]><value/></item><item><id>SA</id><![CDATA[ሳውድአረቢያ]]><value/></item><item><id>CY</id><![CDATA[ሳይፕረስ]]><value/></item><item><id>SL</id><![CDATA[ሴራሊዮን]]><value/></item><item><id>SN</id><![CDATA[ሴኔጋል]]><value/></item><item><id>SH</id><![CDATA[ሴንት ሄለና]]><value/></item><item><id>LC</id><![CDATA[ሴንት ሉቺያ]]><value/></item><item><id>MF</id><![CDATA[ሴንት ማርቲን]]><value/></item><item><id>SK</id><![CDATA[ስሎቫኪያ]]><value/></item><item><id>SI</id><![CDATA[ስሎቬኒያ]]><value/></item><item><id>SJ</id><![CDATA[ስቫልባርድ እና ጃን ማየን]]><value/></item><item><id>CH</id><![CDATA[ስዊዘርላንድ]]><value/></item><item><id>SE</id><![CDATA[ስዊድን]]><value/></item><item><id>ES</id><![CDATA[ስፔን]]><value/></item><item><id>BL</id><![CDATA[ቅዱስ በርቴሎሜ]]><value/></item><item><id>VC</id><![CDATA[ቅዱስ ቪንሴንት እና ግሬናዲንስ]]><value/></item><item><id>KN</id><![CDATA[ቅዱስ ኪትስ እና ኔቪስ]]><value/></item><item><id>PM</id><![CDATA[ቅዱስ ፒዬር እና ሚኩኤሎን]]><value/></item><item><id>BZ</id><![CDATA[በሊዝ]]><value/></item><item><id>BT</id><![CDATA[ቡህታን]]><value/></item><item><id>BG</id><![CDATA[ቡልጌሪያ]]><value/></item><item><id>BF</id><![CDATA[ቡርኪና ፋሶ]]><value/></item><item><id>BV</id><![CDATA[ቡቬት ደሴት]]><value/></item><item><id>BS</id><![CDATA[ባሃማስ]]><value/></item><item><id>BH</id><![CDATA[ባህሬን]]><value/></item><item><id>BB</id><![CDATA[ባርቤዶስ]]><value/></item><item><id>BD</id><![CDATA[ባንግላዲሽ]]><value/></item><item><id>BY</id><![CDATA[ቤላሩስ]]><value/></item><item><id>BE</id><![CDATA[ቤልጄም]]><value/></item><item><id>BM</id><![CDATA[ቤርሙዳ]]><value/></item><item><id>BJ</id><![CDATA[ቤኒን]]><value/></item><item><id>BN</id><![CDATA[ብሩኒ]]><value/></item><item><id>BI</id><![CDATA[ብሩንዲ]]><value/></item><item><id>BR</id><![CDATA[ብራዚል]]><value/></item><item><id>BO</id><![CDATA[ቦሊቪያ]]><value/></item><item><id>BA</id><![CDATA[ቦስኒያ እና ሄርዞጎቪኒያ]]><value/></item><item><id>BW</id><![CDATA[ቦትስዋና]]><value/></item><item><id>VA</id><![CDATA[ቫቲካን ከተማ]]><value/></item><item><id>VU</id><![CDATA[ቫኑአቱ]]><value/></item><item><id>VN</id><![CDATA[ቬትናም]]><value/></item><item><id>VE</id><![CDATA[ቬንዙዌላ]]><value/></item><item><id>TR</id><![CDATA[ቱርክ]]><value/></item><item><id>TM</id><![CDATA[ቱርክሜኒስታን]]><value/></item><item><id>TV</id><![CDATA[ቱቫሉ]]><value/></item><item><id>TN</id><![CDATA[ቱኒዚያ]]><value/></item><item><id>TL</id><![CDATA[ቲሞር ሌስቴ]]><value/></item><item><id>TZ</id><![CDATA[ታንዛኒያ]]><value/></item><item><id>TH</id><![CDATA[ታይላንድ]]><value/></item><item><id>TW</id><![CDATA[ታይዋን]]><value/></item><item><id>TJ</id><![CDATA[ታጃኪስታን]]><value/></item><item><id>TT</id><![CDATA[ትሪናዳድ እና ቶቤጎ]]><value/></item><item><id>TO</id><![CDATA[ቶንጋ]]><value/></item><item><id>TK</id><![CDATA[ቶክላው]]><value/></item><item><id>TG</id><![CDATA[ቶጐ]]><value/></item><item><id>CL</id><![CDATA[ቺሊ]]><value/></item><item><id>CN</id><![CDATA[ቻይና]]><value/></item><item><id>TD</id><![CDATA[ቻድ]]><value/></item><item><id>CZ</id><![CDATA[ቼቺያ]]><value/></item><item><id>NU</id><![CDATA[ኒኡይ]]><value/></item><item><id>NI</id><![CDATA[ኒካራጓ]]><value/></item><item><id>NC</id><![CDATA[ኒው ካሌዶኒያ]]><value/></item><item><id>NZ</id><![CDATA[ኒው ዚላንድ]]><value/></item><item><id>NE</id><![CDATA[ኒጀር]]><value/></item><item><id>NA</id><![CDATA[ናሚቢያ]]><value/></item><item><id>NR</id><![CDATA[ናኡሩ]]><value/></item><item><id>NG</id><![CDATA[ናይጄሪያ]]><value/></item><item><id>NL</id><![CDATA[ኔዘርላንድ]]><value/></item><item><id>NP</id><![CDATA[ኔፓል]]><value/></item><item><id>NO</id><![CDATA[ኖርዌይ]]><value/></item><item><id>NF</id><![CDATA[ኖርፎልክ ደሴት]]><value/></item><item><id>AL</id><![CDATA[አልባኒያ]]><value/></item><item><id>DZ</id><![CDATA[አልጄሪያ]]><value/></item><item><id>AW</id><![CDATA[አሩባ]]><value/></item><item><id>AM</id><![CDATA[አርሜኒያ]]><value/></item><item><id>AR</id><![CDATA[አርጀንቲና]]><value/></item><item><id>AG</id><![CDATA[አንቲጓ እና ባሩዳ]]><value/></item><item><id>AQ</id><![CDATA[አንታርክቲካ]]><value/></item><item><id>AD</id><![CDATA[አንዶራ]]><value/></item><item><id>AI</id><![CDATA[አንጉይላ]]><value/></item><item><id>AO</id><![CDATA[አንጐላ]]><value/></item><item><id>AU</id><![CDATA[አውስትራልያ]]><value/></item><item><id>AZ</id><![CDATA[አዘርባጃን]]><value/></item><item><id>IE</id><![CDATA[አየርላንድ]]><value/></item><item><id>IM</id><![CDATA[አይል ኦፍ ማን]]><value/></item><item><id>IS</id><![CDATA[አይስላንድ]]><value/></item><item><id>AF</id><![CDATA[አፍጋኒስታን]]><value/></item><item><id>UY</id><![CDATA[ኡራጓይ]]><value/></item><item><id>UZ</id><![CDATA[ኡዝቤኪስታን]]><value/></item><item><id>IQ</id><![CDATA[ኢራቅ]]><value/></item><item><id>IR</id><![CDATA[ኢራን]]><value/></item><item><id>ET</id><![CDATA[ኢትዮጵያ]]><value/></item><item><id>ID</id><![CDATA[ኢንዶኔዢያ]]><value/></item><item><id>GQ</id><![CDATA[ኢኳቶሪያል ጊኒ]]><value/></item><item><id>EC</id><![CDATA[ኢኳዶር]]><value/></item><item><id>SV</id><![CDATA[ኤል ሳልቫዶር]]><value/></item><item><id>ER</id><![CDATA[ኤርትራ]]><value/></item><item><id>EE</id><![CDATA[ኤስቶኒያ]]><value/></item><item><id>IL</id><![CDATA[እስራኤል]]><value/></item><item><id>OM</id><![CDATA[ኦማን]]><value/></item><item><id>AT</id><![CDATA[ኦስትሪያ]]><value/></item><item><id>CW</id><![CDATA[ኩራሳዎ]]><value/></item><item><id>CU</id><![CDATA[ኩባ]]><value/></item><item><id>CK</id><![CDATA[ኩክ ደሴቶች]]><value/></item><item><id>KI</id><![CDATA[ኪሪባቲ]]><value/></item><item><id>KG</id><![CDATA[ኪርጊስታን]]><value/></item><item><id>CM</id><![CDATA[ካሜሩን]]><value/></item><item><id>KH</id><![CDATA[ካምቦዲያ]]><value/></item><item><id>CA</id><![CDATA[ካናዳ]]><value/></item><item><id>KZ</id><![CDATA[ካዛኪስታን]]><value/></item><item><id>KY</id><![CDATA[ካይማን ደሴቶች]]><value/></item><item><id>KE</id><![CDATA[ኬንያ]]><value/></item><item><id>CV</id><![CDATA[ኬፕ ቬርዴ]]><value/></item><item><id>CX</id><![CDATA[ክሪስማስ ደሴት]]><value/></item><item><id>HR</id><![CDATA[ክሮኤሽያ]]><value/></item><item><id>KW</id><![CDATA[ክዌት]]><value/></item><item><id>CO</id><![CDATA[ኮሎምቢያ]]><value/></item><item><id>KM</id><![CDATA[ኮሞሮስ]]><value/></item><item><id>CR</id><![CDATA[ኮስታሪካ]]><value/></item><item><id>CI</id><![CDATA[ኮት ዲቯር]]><value/></item><item><id>CG</id><![CDATA[ኮንጎ ብራዛቪል]]><value/></item><item><id>CD</id><![CDATA[ኮንጎ-ኪንሻሳ]]><value/></item><item><id>CC</id><![CDATA[ኮኮስ(ኬሊንግ) ደሴቶች]]><value/></item><item><id>QA</id><![CDATA[ኳታር]]><value/></item><item><id>HM</id><![CDATA[ኽርድ ደሴቶችና ማክዶናልድ ደሴቶች]]><value/></item><item><id>WF</id><![CDATA[ዋሊስ እና ፉቱና ደሴቶች]]><value/></item><item><id>ZW</id><![CDATA[ዚምቧቤ]]><value/></item><item><id>ZM</id><![CDATA[ዛምቢያ]]><value/></item><item><id>YE</id><![CDATA[የመን]]><value/></item><item><id>MP</id><![CDATA[የሰሜናዊ ማሪያና ደሴቶች]]><value/></item><item><id>IO</id><![CDATA[የብሪታኒያ ህንድ ውቂያኖስ ግዛት]]><value/></item><item><id>AE</id><![CDATA[የተባበሩት ዓረብ ኤምሬትስ]]><value/></item><item><id>TC</id><![CDATA[የቱርኮችና የካኢኮስ ደሴቶች]]><value/></item><item><id>AX</id><![CDATA[የአላንድ ደሴቶች]]><value/></item><item><id>AS</id><![CDATA[የአሜሪካ ሳሞአ]]><value/></item><item><id>VI</id><![CDATA[የአሜሪካ ቨርጂን ደሴቶች]]><value/></item><item><id>VG</id><![CDATA[የእንግሊዝ ቨርጂን ደሴቶች]]><value/></item><item><id>BQ</id><![CDATA[የካሪቢያን ኔዘርላንድስ]]><value/></item><item><id>UM</id><![CDATA[የዩ ኤስ ጠረፍ ላይ ያሉ ደሴቶች]]><value/></item><item><id>TF</id><![CDATA[የፈረንሳይ ደቡባዊ ግዛቶች]]><value/></item><item><id>GF</id><![CDATA[የፈረንሳይ ጉዊአና]]><value/></item><item><id>PF</id><![CDATA[የፈረንሳይ ፖሊኔዢያ]]><value/></item><item><id>FO</id><![CDATA[የፋሮ ደሴቶች]]><value/></item><item><id>PS</id><![CDATA[የፍልስጤም ግዛት]]><value/></item><item><id>FK</id><![CDATA[የፎክላንድ ደሴቶች]]><value/></item><item><id>US</id><![CDATA[ዩናይትድ ስቴትስ]]><value/></item><item><id>GB</id><![CDATA[ዩናይትድ ኪንግደም]]><value/></item><item><id>UA</id><![CDATA[ዩክሬን]]><value/></item><item><id>UG</id><![CDATA[ዩጋንዳ]]><value/></item><item><id>SS</id><![CDATA[ደቡብ ሱዳን]]><value/></item><item><id>ZA</id><![CDATA[ደቡብ አፍሪካ]]><value/></item><item><id>KR</id><![CDATA[ደቡብ ኮሪያ]]><value/></item><item><id>GS</id><![CDATA[ደቡብ ጆርጂያ እና የደቡብ ሳንድዊች ደሴቶች]]><value/></item><item><id>DK</id><![CDATA[ዴንማርክ]]><value/></item><item><id>DO</id><![CDATA[ዶመኒካን ሪፑብሊክ]]><value/></item><item><id>DM</id><![CDATA[ዶሚኒካ]]><value/></item><item><id>DE</id><![CDATA[ጀርመን]]><value/></item><item><id>JE</id><![CDATA[ጀርሲ]]><value/></item><item><id>DJ</id><![CDATA[ጂቡቲ]]><value/></item><item><id>GI</id><![CDATA[ጂብራልተር]]><value/></item><item><id>JM</id><![CDATA[ጃማይካ]]><value/></item><item><id>JP</id><![CDATA[ጃፓን]]><value/></item><item><id>JO</id><![CDATA[ጆርዳን]]><value/></item><item><id>GE</id><![CDATA[ጆርጂያ]]><value/></item><item><id>GG</id><![CDATA[ጉርነሲ]]><value/></item><item><id>GU</id><![CDATA[ጉዋም]]><value/></item><item><id>GT</id><![CDATA[ጉዋቲማላ]]><value/></item><item><id>GP</id><![CDATA[ጉዋደሉፕ]]><value/></item><item><id>GY</id><![CDATA[ጉያና]]><value/></item><item><id>GN</id><![CDATA[ጊኒ]]><value/></item><item><id>GW</id><![CDATA[ጊኒ ቢሳኦ]]><value/></item><item><id>GM</id><![CDATA[ጋምቢያ]]><value/></item><item><id>GA</id><![CDATA[ጋቦን]]><value/></item><item><id>GH</id><![CDATA[ጋና]]><value/></item><item><id>GL</id><![CDATA[ግሪንላንድ]]><value/></item><item><id>GR</id><![CDATA[ግሪክ]]><value/></item><item><id>GD</id><![CDATA[ግሬናዳ]]><value/></item><item><id>EG</id><![CDATA[ግብጽ]]><value/></item><item><id>IT</id><![CDATA[ጣሊያን]]><value/></item><item><id>FR</id><![CDATA[ፈረንሳይ]]><value/></item><item><id>PH</id><![CDATA[ፊሊፒንስ]]><value/></item><item><id>FI</id><![CDATA[ፊንላንድ]]><value/></item><item><id>FJ</id><![CDATA[ፊጂ]]><value/></item><item><id>PN</id><![CDATA[ፒትካኢርን አይስላንድ]]><value/></item><item><id>PW</id><![CDATA[ፓላው]]><value/></item><item><id>PY</id><![CDATA[ፓራጓይ]]><value/></item><item><id>PA</id><![CDATA[ፓናማ]]><value/></item><item><id>PK</id><![CDATA[ፓኪስታን]]><value/></item><item><id>PG</id><![CDATA[ፓፑዋ ኒው ጊኒ]]><value/></item><item><id>PE</id><![CDATA[ፔሩ]]><value/></item><item><id>PL</id><![CDATA[ፖላንድ]]><value/></item><item><id>PT</id><![CDATA[ፖርቱጋል]]><value/></item><item><id>PR</id><![CDATA[ፖርታ ሪኮ]]><value/></item></values>
